[
  {"api": "Banda Aceh", "display": "Banda Aceh (Kota)", "province": "Aceh"},
  {"api": "Langsa", "display": "Langsa (Kota)", "province": "Aceh"},
  {"api": "Lhokseumawe", "display": "Lhokseumawe (Kota)", "province": "Aceh"},
  {"api": "Sabang", "display": "Sabang (Kota)", "province": "Aceh"},
  {"api": "Subulussalam", "display": "Subulussalam (Kota)", "province": "Aceh"},
  {"api": "Kabupaten Aceh Barat", "display": "Aceh Barat (Kabupaten)", "province": "Aceh"},
  {"api": "Kabupaten Aceh Barat Daya", "display": "Aceh Barat Daya (Kabupaten)", "province": "Aceh"},
  {"api": "Kabupaten Aceh Besar", "display": "Aceh Besar (Kabupaten)", "province": "Aceh"},
  {"api": "Kabupaten Aceh Jaya", "display": "Aceh Jaya (Kabupaten)", "province": "Aceh"},
  {"api": "Kabupaten Aceh Selatan", "display": "Aceh Selatan (Kabupaten)", "province": "Aceh"},
  {"api": "Kabupaten Aceh Singkil", "display": "Aceh Singkil (Kabupaten)", "province": "Aceh"},
  {"api": "Kabupaten Aceh Tamiang", "display": "Aceh Tamiang (Kabupaten)", "province": "Aceh"},
  {"api": "Kabupaten Aceh Tengah", "display": "Aceh Tengah (Kabupaten)", "province": "Aceh"},
  {"api": "Kabupaten Aceh Tenggara", "display": "Aceh Tenggara (Kabupaten)", "province": "Aceh"},
  {"api": "Kabupaten Aceh Timur", "display": "Aceh Timur (Kabupaten)", "province": "Aceh"},
  {"api": "Kabupaten Aceh Utara", "display": "Aceh Utara (Kabupaten)", "province": "Aceh"},
  {"api": "Kabupaten Bener Meriah", "display": "Bener Meriah (Kabupaten)", "province": "Aceh"},
  {"api": "Kabupaten Bireuen", "display": "Bireuen (Kabupaten)", "province": "Aceh"},
  {"api": "Kabupaten Gayo Lues", "display": "Gayo Lues (Kabupaten)", "province": "Aceh"},
  {"api": "Kabupaten Nagan Raya", "display": "Nagan Raya (Kabupaten)", "province": "Aceh"},
  {"api": "Kabupaten Pidie", "display": "Pidie (Kabupaten)", "province": "Aceh"},
  {"api": "Kabupaten Pidie Jaya", "display": "Pidie Jaya (Kabupaten)", "province": "Aceh"},
  {"api": "Kabupaten Simeulue", "display": "Simeulue (Kabupaten)", "province": "Aceh"},
  {"api": "Denpasar", "display": "Denpasar (Kota)", "province": "Bali"},
  {"api": "Kabupaten Badung", "display": "Badung (Kabupaten)", "province": "Bali"},
  {"api": "Kabupaten Bangli", "display": "Bangli (Kabupaten)", "province": "Bali"},
  {"api": "Kabupaten Buleleng", "display": "Buleleng (Kabupaten)", "province": "Bali"},
  {"api": "Kabupaten Gianyar", "display": "Gianyar (Kabupaten)", "province": "Bali"},
  {"api": "Kabupaten Jembrana", "display": "Jembrana (Kabupaten)", "province": "Bali"},
  {"api": "Kabupaten Karangasem", "display": "Karangasem (Kabupaten)", "province": "Bali"},
  {"api": "Kabupaten Klungkung", "display": "Klungkung (Kabupaten)", "province": "Bali"},
  {"api": "Kabupaten Tabanan", "display": "Tabanan (Kabupaten)", "province": "Bali"},
  {"api": "Cilegon", "display": "Cilegon (Kota)", "province": "Banten"},
  {"api": "Serang", "display": "Serang (Kota)", "province": "Banten"},
  {"api": "Tangerang", "display": "Tangerang (Kota)", "province": "Banten"},
  {"api": "Tangerang Selatan", "display": "Tangerang Selatan (Kota)", "province": "Banten"},
  {"api": "Kabupaten Lebak", "display": "Lebak (Kabupaten)", "province": "Banten"},
  {"api": "Kabupaten Pandeglang", "display": "Pandeglang (Kabupaten)", "province": "Banten"},
  {"api": "Kabupaten Serang", "display": "Serang (Kabupaten)", "province": "Banten"},
  {"api": "Kabupaten Tangerang", "display": "Tangerang (Kabupaten)", "province": "Banten"},
  {"api": "Bengkulu", "display": "Bengkulu (Kota)", "province": "Bengkulu"},
  {"api": "Kabupaten Bengkulu Selatan", "display": "Bengkulu Selatan (Kabupaten)", "province": "Bengkulu"},
  {"api": "Kabupaten Bengkulu Tengah", "display": "Bengkulu Tengah (Kabupaten)", "province": "Bengkulu"},
  {"api": "Kabupaten Bengkulu Utara", "display": "Bengkulu Utara (Kabupaten)", "province": "Bengkulu"},
  {"api": "Kabupaten Kaur", "display": "Kaur (Kabupaten)", "province": "Bengkulu"},
  {"api": "Kabupaten Kepahiang", "display": "Kepahiang (Kabupaten)", "province": "Bengkulu"},
  {"api": "Kabupaten Lebong", "display": "Lebong (Kabupaten)", "province": "Bengkulu"},
  {"api": "Kabupaten Mukomuko", "display": "Mukomuko (Kabupaten)", "province": "Bengkulu"},
  {"api": "Kabupaten Rejang Lebong", "display": "Rejang Lebong (Kabupaten)", "province": "Bengkulu"},
  {"api": "Kabupaten Seluma", "display": "Seluma (Kabupaten)", "province": "Bengkulu"},
  {"api": "Yogyakarta", "display": "Yogyakarta (Kota)", "province": "DI Yogyakarta"},
  {"api": "Kabupaten Bantul", "display": "Bantul (Kabupaten)", "province": "DI Yogyakarta"},
  {"api": "Kabupaten Gunungkidul", "display": "Gunungkidul (Kabupaten)", "province": "DI Yogyakarta"},
  {"api": "Kabupaten Kulon Progo", "display": "Kulon Progo (Kabupaten)", "province": "DI Yogyakarta"},
  {"api": "Kabupaten Sleman", "display": "Sleman (Kabupaten)", "province": "DI Yogyakarta"},
  {"api": "Jakarta Barat", "display": "Jakarta Barat (Kota Administrasi)", "province": "DKI Jakarta"},
  {"api": "Jakarta Pusat", "display": "Jakarta Pusat (Kota Administrasi)", "province": "DKI Jakarta"},
  {"api": "Jakarta Selatan", "display": "Jakarta Selatan (Kota Administrasi)", "province": "DKI Jakarta"},
  {"api": "Jakarta Timur", "display": "Jakarta Timur (Kota Administrasi)", "province": "DKI Jakarta"},
  {"api": "Jakarta Utara", "display": "Jakarta Utara (Kota Administrasi)", "province": "DKI Jakarta"},
  {"api": "Kepulauan Seribu", "display": "Kepulauan Seribu (Kabupaten Administrasi)", "province": "DKI Jakarta"},
  {"api": "Gorontalo", "display": "Gorontalo (Kota)", "province": "Gorontalo"},
  {"api": "Kabupaten Boalemo", "display": "Boalemo (Kabupaten)", "province": "Gorontalo"},
  {"api": "Kabupaten Bone Bolango", "display": "Bone Bolango (Kabupaten)", "province": "Gorontalo"},
  {"api": "Kabupaten Gorontalo", "display": "Gorontalo (Kabupaten)", "province": "Gorontalo"},
  {"api": "Kabupaten Gorontalo Utara", "display": "Gorontalo Utara (Kabupaten)", "province": "Gorontalo"},
  {"api": "Kabupaten Pohuwato", "display": "Pohuwato (Kabupaten)", "province": "Gorontalo"},
  {"api": "Jambi", "display": "Jambi (Kota)", "province": "Jambi"},
  {"api": "Sungai Penuh", "display": "Sungai Penuh (Kota)", "province": "Jambi"},
  {"api": "Kabupaten Batanghari", "display": "Batanghari (Kabupaten)", "province": "Jambi"},
  {"api": "Kabupaten Bungo", "display": "Bungo (Kabupaten)", "province": "Jambi"},
  {"api": "Kabupaten Kerinci", "display": "Kerinci (Kabupaten)", "province": "Jambi"},
  {"api": "Kabupaten Merangin", "display": "Merangin (Kabupaten)", "province": "Jambi"},
  {"api": "Kabupaten Muaro Jambi", "display": "Muaro Jambi (Kabupaten)", "province": "Jambi"},
  {"api": "Kabupaten Sarolangun", "display": "Sarolangun (Kabupaten)", "province": "Jambi"},
  {"api": "Kabupaten Tanjung Jabung Barat", "display": "Tanjung Jabung Barat (Kabupaten)", "province": "Jambi"},
  {"api": "Kabupaten Tanjung Jabung Timur", "display": "Tanjung Jabung Timur (Kabupaten)", "province": "Jambi"},
  {"api": "Kabupaten Tebo", "display": "Tebo (Kabupaten)", "province": "Jambi"},
  {"api": "Bandung", "display": "Bandung (Kota)", "province": "Jawa Barat"},
  {"api": "Banjar", "display": "Banjar (Kota)", "province": "Jawa Barat"},
  {"api": "Bekasi", "display": "Bekasi (Kota)", "province": "Jawa Barat"},
  {"api": "Bogor", "display": "Bogor (Kota)", "province": "Jawa Barat"},
  {"api": "Cimahi", "display": "Cimahi (Kota)", "province": "Jawa Barat"},
  {"api": "Cirebon", "display": "Cirebon (Kota)", "province": "Jawa Barat"},
  {"api": "Depok", "display": "Depok (Kota)", "province": "Jawa Barat"},
  {"api": "Sukabumi", "display": "Sukabumi (Kota)", "province": "Jawa Barat"},
  {"api": "Tasikmalaya", "display": "Tasikmalaya (Kota)", "province": "Jawa Barat"},
  {"api": "Kabupaten Bandung", "display": "Bandung (Kabupaten)", "province": "Jawa Barat"},
  {"api": "Kabupaten Bandung Barat", "display": "Bandung Barat (Kabupaten)", "province": "Jawa Barat"},
  {"api": "Kabupaten Bekasi", "display": "Bekasi (Kabupaten)", "province": "Jawa Barat"},
  {"api": "Kabupaten Bogor", "display": "Bogor (Kabupaten)", "province": "Jawa Barat"},
  {"api": "Kabupaten Ciamis", "display": "Ciamis (Kabupaten)", "province": "Jawa Barat"},
  {"api": "Kabupaten Cianjur", "display": "Cianjur (Kabupaten)", "province": "Jawa Barat"},
  {"api": "Kabupaten Cirebon", "display": "Cirebon (Kabupaten)", "province": "Jawa Barat"},
  {"api": "Kabupaten Garut", "display": "Garut (Kabupaten)", "province": "Jawa Barat"},
  {"api": "Kabupaten Indramayu", "display": "Indramayu (Kabupaten)", "province": "Jawa Barat"},
  {"api": "Kabupaten Karawang", "display": "Karawang (Kabupaten)", "province": "Jawa Barat"},
  {"api": "Kabupaten Kuningan", "display": "Kuningan (Kabupaten)", "province": "Jawa Barat"},
  {"api": "Kabupaten Majalengka", "display": "Majalengka (Kabupaten)", "province": "Jawa Barat"},
  {"api": "Kabupaten Pangandaran", "display": "Pangandaran (Kabupaten)", "province": "Jawa Barat"},
  {"api": "Kabupaten Purwakarta", "display": "Purwakarta (Kabupaten)", "province": "Jawa Barat"},
  {"api": "Kabupaten Subang", "display": "Subang (Kabupaten)", "province": "Jawa Barat"},
  {"api": "Kabupaten Sukabumi", "display": "Sukabumi (Kabupaten)", "province": "Jawa Barat"},
  {"api": "Kabupaten Sumedang", "display": "Sumedang (Kabupaten)", "province": "Jawa Barat"},
  {"api": "Kabupaten Tasikmalaya", "display": "Tasikmalaya (Kabupaten)", "province": "Jawa Barat"},
  {"api": "Magelang", "display": "Magelang (Kota)", "province": "Jawa Tengah"},
  {"api": "Pekalongan", "display": "Pekalongan (Kota)", "province": "Jawa Tengah"},
  {"api": "Salatiga", "display": "Salatiga (Kota)", "province": "Jawa Tengah"},
  {"api": "Semarang", "display": "Semarang (Kota)", "province": "Jawa Tengah"},
  {"api": "Surakarta", "display": "Surakarta (Kota)", "province": "Jawa Tengah"},
  {"api": "Tegal", "display": "Tegal (Kota)", "province": "Jawa Tengah"},
  {"api": "Kabupaten Banjarnegara", "display": "Banjarnegara (Kabupaten)", "province": "Jawa Tengah"},
  {"api": "Kabupaten Banyumas", "display": "Banyumas (Kabupaten)", "province": "Jawa Tengah"},
  {"api": "Kabupaten Batang", "display": "Batang (Kabupaten)", "province": "Jawa Tengah"},
  {"api": "Kabupaten Blora", "display": "Blora (Kabupaten)", "province": "Jawa Tengah"},
  {"api": "Kabupaten Boyolali", "display": "Boyolali (Kabupaten)", "province": "Jawa Tengah"},
  {"api": "Kabupaten Brebes", "display": "Brebes (Kabupaten)", "province": "Jawa Tengah"},
  {"api": "Kabupaten Cilacap", "display": "Cilacap (Kabupaten)", "province": "Jawa Tengah"},
  {"api": "Kabupaten Demak", "display": "Demak (Kabupaten)", "province": "Jawa Tengah"},
  {"api": "Kabupaten Grobogan", "display": "Grobogan (Kabupaten)", "province": "Jawa Tengah"},
  {"api": "Kabupaten Jepara", "display": "Jepara (Kabupaten)", "province": "Jawa Tengah"},
  {"api": "Kabupaten Karanganyar", "display": "Karanganyar (Kabupaten)", "province": "Jawa Tengah"},
  {"api": "Kabupaten Kebumen", "display": "Kebumen (Kabupaten)", "province": "Jawa Tengah"},
  {"api": "Kabupaten Kendal", "display": "Kendal (Kabupaten)", "province": "Jawa Tengah"},
  {"api": "Kabupaten Klaten", "display": "Klaten (Kabupaten)", "province": "Jawa Tengah"},
  {"api": "Kabupaten Kudus", "display": "Kudus (Kabupaten)", "province": "Jawa Tengah"},
  {"api": "Kabupaten Magelang", "display": "Magelang (Kabupaten)", "province": "Jawa Tengah"},
  {"api": "Kabupaten Pati", "display": "Pati (Kabupaten)", "province": "Jawa Tengah"},
  {"api": "Kabupaten Pekalongan", "display": "Pekalongan (Kabupaten)", "province": "Jawa Tengah"},
  {"api": "Kabupaten Pemalang", "display": "Pemalang (Kabupaten)", "province": "Jawa Tengah"},
  {"api": "Kabupaten Purbalingga", "display": "Purbalingga (Kabupaten)", "province": "Jawa Tengah"},
  {"api": "Kabupaten Purworejo", "display": "Purworejo (Kabupaten)", "province": "Jawa Tengah"},
  {"api": "Kabupaten Rembang", "display": "Rembang (Kabupaten)", "province": "Jawa Tengah"},
  {"api": "Kabupaten Semarang", "display": "Semarang (Kabupaten)", "province": "Jawa Tengah"},
  {"api": "Kabupaten Sragen", "display": "Sragen (Kabupaten)", "province": "Jawa Tengah"},
  {"api": "Kabupaten Sukoharjo", "display": "Sukoharjo (Kabupaten)", "province": "Jawa Tengah"},
  {"api": "Kabupaten Tegal", "display": "Tegal (Kabupaten)", "province": "Jawa Tengah"},
  {"api": "Kabupaten Temanggung", "display": "Temanggung (Kabupaten)", "province": "Jawa Tengah"},
  {"api": "Kabupaten Wonogiri", "display": "Wonogiri (Kabupaten)", "province": "Jawa Tengah"},
  {"api": "Kabupaten Wonosobo", "display": "Wonosobo (Kabupaten)", "province": "Jawa Tengah"},
  {"api": "Batu", "display": "Batu (Kota)", "province": "Jawa Timur"},
  {"api": "Blitar", "display": "Blitar (Kota)", "province": "Jawa Timur"},
  {"api": "Kediri", "display": "Kediri (Kota)", "province": "Jawa Timur"},
  {"api": "Madiun", "display": "Madiun (Kota)", "province": "Jawa Timur"},
  {"api": "Malang", "display": "Malang (Kota)", "province": "Jawa Timur"},
  {"api": "Mojokerto", "display": "Mojokerto (Kota)", "province": "Jawa Timur"},
  {"api": "Pasuruan", "display": "Pasuruan (Kota)", "province": "Jawa Timur"},
  {"api": "Probolinggo", "display": "Probolinggo (Kota)", "province": "Jawa Timur"},
  {"api": "Surabaya", "display": "Surabaya (Kota)", "province": "Jawa Timur"},
  {"api": "Kabupaten Bangkalan", "display": "Bangkalan (Kabupaten)", "province": "Jawa Timur"},
  {"api": "Kabupaten Banyuwangi", "display": "Banyuwangi (Kabupaten)", "province": "Jawa Timur"},
  {"api": "Kabupaten Blitar", "display": "Blitar (Kabupaten)", "province": "Jawa Timur"},
  {"api": "Kabupaten Bojonegoro", "display": "Bojonegoro (Kabupaten)", "province": "Jawa Timur"},
  {"api": "Kabupaten Bondowoso", "display": "Bondowoso (Kabupaten)", "province": "Jawa Timur"},
  {"api": "Kabupaten Gresik", "display": "Gresik (Kabupaten)", "province": "Jawa Timur"},
  {"api": "Kabupaten Jember", "display": "Jember (Kabupaten)", "province": "Jawa Timur"},
  {"api": "Kabupaten Jombang", "display": "Jombang (Kabupaten)", "province": "Jawa Timur"},
  {"api": "Kabupaten Kediri", "display": "Kediri (Kabupaten)", "province": "Jawa Timur"},
  {"api": "Kabupaten Lamongan", "display": "Lamongan (Kabupaten)", "province": "Jawa Timur"},
  {"api": "Kabupaten Lumajang", "display": "Lumajang (Kabupaten)", "province": "Jawa Timur"},
  {"api": "Kabupaten Madiun", "display": "Madiun (Kabupaten)", "province": "Jawa Timur"},
  {"api": "Kabupaten Magetan", "display": "Magetan (Kabupaten)", "province": "Jawa Timur"},
  {"api": "Kabupaten Malang", "display": "Malang (Kabupaten)", "province": "Jawa Timur"},
  {"api": "Kabupaten Mojokerto", "display": "Mojokerto (Kabupaten)", "province": "Jawa Timur"},
  {"api": "Kabupaten Nganjuk", "display": "Nganjuk (Kabupaten)", "province": "Jawa Timur"},
  {"api": "Kabupaten Ngawi", "display": "Ngawi (Kabupaten)", "province": "Jawa Timur"},
  {"api": "Kabupaten Pacitan", "display": "Pacitan (Kabupaten)", "province": "Jawa Timur"},
  {"api": "Kabupaten Pamekasan", "display": "Pamekasan (Kabupaten)", "province": "Jawa Timur"},
  {"api": "Kabupaten Pasuruan", "display": "Pasuruan (Kabupaten)", "province": "Jawa Timur"},
  {"api": "Kabupaten Ponorogo", "display": "Ponorogo (Kabupaten)", "province": "Jawa Timur"},
  {"api": "Kabupaten Probolinggo", "display": "Probolinggo (Kabupaten)", "province": "Jawa Timur"},
  {"api": "Kabupaten Sampang", "display": "Sampang (Kabupaten)", "province": "Jawa Timur"},
  {"api": "Kabupaten Sidoarjo", "display": "Sidoarjo (Kabupaten)", "province": "Jawa Timur"},
  {"api": "Kabupaten Situbondo", "display": "Situbondo (Kabupaten)", "province": "Jawa Timur"},
  {"api": "Kabupaten Sumenep", "display": "Sumenep (Kabupaten)", "province": "Jawa Timur"},
  {"api": "Kabupaten Trenggalek", "display": "Trenggalek (Kabupaten)", "province": "Jawa Timur"},
  {"api": "Kabupaten Tuban", "display": "Tuban (Kabupaten)", "province": "Jawa Timur"},
  {"api": "Kabupaten Tulungagung", "display": "Tulungagung (Kabupaten)", "province": "Jawa Timur"},
  {"api": "Pontianak", "display": "Pontianak (Kota)", "province": "Kalimantan Barat"},
  {"api": "Singkawang", "display": "Singkawang (Kota)", "province": "Kalimantan Barat"},
  {"api": "Kabupaten Bengkayang", "display": "Bengkayang (Kabupaten)", "province": "Kalimantan Barat"},
  {"api": "Kabupaten Kapuas Hulu", "display": "Kapuas Hulu (Kabupaten)", "province": "Kalimantan Barat"},
  {"api": "Kabupaten Kayong Utara", "display": "Kayong Utara (Kabupaten)", "province": "Kalimantan Barat"},
  {"api": "Kabupaten Ketapang", "display": "Ketapang (Kabupaten)", "province": "Kalimantan Barat"},
  {"api": "Kabupaten Kubu Raya", "display": "Kubu Raya (Kabupaten)", "province": "Kalimantan Barat"},
  {"api": "Kabupaten Landak", "display": "Landak (Kabupaten)", "province": "Kalimantan Barat"},
  {"api": "Kabupaten Melawi", "display": "Melawi (Kabupaten)", "province": "Kalimantan Barat"},
  {"api": "Mempawah", "display": "Mempawah (Kota)", "province": "Kalimantan Barat"},
  {"api": "Kabupaten Sambas", "display": "Sambas (Kabupaten)", "province": "Kalimantan Barat"},
  {"api": "Kabupaten Sanggau", "display": "Sanggau (Kabupaten)", "province": "Kalimantan Barat"},
  {"api": "Kabupaten Sekadau", "display": "Sekadau (Kabupaten)", "province": "Kalimantan Barat"},
  {"api": "Kabupaten Sintang", "display": "Sintang (Kabupaten)", "province": "Kalimantan Barat"},
  {"api": "Banjarbaru", "display": "Banjarbaru (Kota)", "province": "Kalimantan Selatan"},
  {"api": "Banjarmasin", "display": "Banjarmasin (Kota)", "province": "Kalimantan Selatan"},
  {"api": "Kabupaten Balangan", "display": "Balangan (Kabupaten)", "province": "Kalimantan Selatan"},
  {"api": "Kabupaten Banjar", "display": "Banjar (Kabupaten)", "province": "Kalimantan Selatan"},
  {"api": "Kabupaten Barito Kuala", "display": "Barito Kuala (Kabupaten)", "province": "Kalimantan Selatan"},
  {"api": "Kabupaten Hulu Sungai Selatan", "display": "Hulu Sungai Selatan (Kabupaten)", "province": "Kalimantan Selatan"},
  {"api": "Kabupaten Hulu Sungai Tengah", "display": "Hulu Sungai Tengah (Kabupaten)", "province": "Kalimantan Selatan"},
  {"api": "Kabupaten Hulu Sungai Utara", "display": "Hulu Sungai Utara (Kabupaten)", "province": "Kalimantan Selatan"},
  {"api": "Kabupaten Kotabaru", "display": "Kotabaru (Kabupaten)", "province": "Kalimantan Selatan"},
  {"api": "Kabupaten Tabalong", "display": "Tabalong (Kabupaten)", "province": "Kalimantan Selatan"},
  {"api": "Kabupaten Tanah Bumbu", "display": "Tanah Bumbu (Kabupaten)", "province": "Kalimantan Selatan"},
  {"api": "Kabupaten Tanah Laut", "display": "Tanah Laut (Kabupaten)", "province": "Kalimantan Selatan"},
  {"api": "Kabupaten Tapin", "display": "Tapin (Kabupaten)", "province": "Kalimantan Selatan"},
  {"api": "Palangka Raya", "display": "Palangka Raya (Kota)", "province": "Kalimantan Tengah"},
  {"api": "Kabupaten Barito Selatan", "display": "Barito Selatan (Kabupaten)", "province": "Kalimantan Tengah"},
  {"api": "Kabupaten Barito Timur", "display": "Barito Timur (Kabupaten)", "province": "Kalimantan Tengah"},
  {"api": "Kabupaten Barito Utara", "display": "Barito Utara (Kabupaten)", "province": "Kalimantan Tengah"},
  {"api": "Kabupaten Gunung Mas", "display": "Gunung Mas (Kabupaten)", "province": "Kalimantan Tengah"},
  {"api": "Kabupaten Kapuas", "display": "Kapuas (Kabupaten)", "province": "Kalimantan Tengah"},
  {"api": "Kabupaten Katingan", "display": "Katingan (Kabupaten)", "province": "Kalimantan Tengah"},
  {"api": "Kabupaten Kotawaringin Barat", "display": "Kotawaringin Barat (Kabupaten)", "province": "Kalimantan Tengah"},
  {"api": "Kabupaten Kotawaringin Timur", "display": "Kotawaringin Timur (Kabupaten)", "province": "Kalimantan Tengah"},
  {"api": "Kabupaten Lamandau", "display": "Lamandau (Kabupaten)", "province": "Kalimantan Tengah"},
  {"api": "Kabupaten Murung Raya", "display": "Murung Raya (Kabupaten)", "province": "Kalimantan Tengah"},
  {"api": "Kabupaten Pulang Pisau", "display": "Pulang Pisau (Kabupaten)", "province": "Kalimantan Tengah"},
  {"api": "Kabupaten Seruyan", "display": "Seruyan (Kabupaten)", "province": "Kalimantan Tengah"},
  {"api": "Kabupaten Sukamara", "display": "Sukamara (Kabupaten)", "province": "Kalimantan Tengah"},
  {"api": "Balikpapan", "display": "Balikpapan (Kota)", "province": "Kalimantan Timur"},
  {"api": "Bontang", "display": "Bontang (Kota)", "province": "Kalimantan Timur"},
  {"api": "Samarinda", "display": "Samarinda (Kota)", "province": "Kalimantan Timur"},
  {"api": "Kabupaten Berau", "display": "Berau (Kabupaten)", "province": "Kalimantan Timur"},
  {"api": "Kabupaten Kutai Barat", "display": "Kutai Barat (Kabupaten)", "province": "Kalimantan Timur"},
  {"api": "Kabupaten Kutai Kartanegara", "display": "Kutai Kartanegara (Kabupaten)", "province": "Kalimantan Timur"},
  {"api": "Kabupaten Kutai Timur", "display": "Kutai Timur (Kabupaten)", "province": "Kalimantan Timur"},
  {"api": "Kabupaten Mahakam Ulu", "display": "Mahakam Ulu (Kabupaten)", "province": "Kalimantan Timur"},
  {"api": "Kabupaten Paser", "display": "Paser (Kabupaten)", "province": "Kalimantan Timur"},
  {"api": "Kabupaten Penajam Paser Utara", "display": "Penajam Paser Utara (Kabupaten)", "province": "Kalimantan Timur"},
  {"api": "Tarakan", "display": "Tarakan (Kota)", "province": "Kalimantan Utara"},
  {"api": "Kabupaten Bulungan", "display": "Bulungan (Kabupaten)", "province": "Kalimantan Utara"},
  {"api": "Kabupaten Malinau", "display": "Malinau (Kabupaten)", "province": "Kalimantan Utara"},
  {"api": "Kabupaten Nunukan", "display": "Nunukan (Kabupaten)", "province": "Kalimantan Utara"},
  {"api": "Kabupaten Tana Tidung", "display": "Tana Tidung (Kabupaten)", "province": "Kalimantan Utara"},
  {"api": "Pangkal Pinang", "display": "Pangkal Pinang (Kota)", "province": "Kepulauan Bangka Belitung"},
  {"api": "Kabupaten Bangka", "display": "Bangka (Kabupaten)", "province": "Kepulauan Bangka Belitung"},
  {"api": "Kabupaten Bangka Barat", "display": "Bangka Barat (Kabupaten)", "province": "Kepulauan Bangka Belitung"},
  {"api": "Kabupaten Bangka Selatan", "display": "Bangka Selatan (Kabupaten)", "province": "Kepulauan Bangka Belitung"},
  {"api": "Kabupaten Bangka Tengah", "display": "Bangka Tengah (Kabupaten)", "province": "Kepulauan Bangka Belitung"},
  {"api": "Kabupaten Belitung", "display": "Belitung (Kabupaten)", "province": "Kepulauan Bangka Belitung"},
  {"api": "Kabupaten Belitung Timur", "display": "Belitung Timur (Kabupaten)", "province": "Kepulauan Bangka Belitung"},
  {"api": "Batam", "display": "Batam (Kota)", "province": "Kepulauan Riau"},
  {"api": "Tanjung Pinang", "display": "Tanjung Pinang (Kota)", "province": "Kepulauan Riau"},
  {"api": "Kabupaten Bintan", "display": "Bintan (Kabupaten)", "province": "Kepulauan Riau"},
  {"api": "Kabupaten Karimun", "display": "Karimun (Kabupaten)", "province": "Kepulauan Riau"},
  {"api": "Kabupaten Kepulauan Anambas", "display": "Kepulauan Anambas (Kabupaten)", "province": "Kepulauan Riau"},
  {"api": "Kabupaten Lingga", "display": "Lingga (Kabupaten)", "province": "Kepulauan Riau"},
  {"api": "Kabupaten Natuna", "display": "Natuna (Kabupaten)", "province": "Kepulauan Riau"},
  {"api": "Bandar Lampung", "display": "Bandar Lampung (Kota)", "province": "Lampung"},
  {"api": "Metro", "display": "Metro (Kota)", "province": "Lampung"},
  {"api": "Kabupaten Lampung Barat", "display": "Lampung Barat (Kabupaten)", "province": "Lampung"},
  {"api": "Kabupaten Lampung Selatan", "display": "Lampung Selatan (Kabupaten)", "province": "Lampung"},
  {"api": "Kabupaten Lampung Tengah", "display": "Lampung Tengah (Kabupaten)", "province": "Lampung"},
  {"api": "Kabupaten Lampung Timur", "display": "Lampung Timur (Kabupaten)", "province": "Lampung"},
  {"api": "Kabupaten Lampung Utara", "display": "Lampung Utara (Kabupaten)", "province": "Lampung"},
  {"api": "Kabupaten Mesuji", "display": "Mesuji (Kabupaten)", "province": "Lampung"},
  {"api": "Kabupaten Pesawaran", "display": "Pesawaran (Kabupaten)", "province": "Lampung"},
  {"api": "Kabupaten Pesisir Barat", "display": "Pesisir Barat (Kabupaten)", "province": "Lampung"},
  {"api": "Kabupaten Pringsewu", "display": "Pringsewu (Kabupaten)", "province": "Lampung"},
  {"api": "Kabupaten Tanggamus", "display": "Tanggamus (Kabupaten)", "province": "Lampung"},
  {"api": "Kabupaten Tulang Bawang", "display": "Tulang Bawang (Kabupaten)", "province": "Lampung"},
  {"api": "Kabupaten Tulang Bawang Barat", "display": "Tulang Bawang Barat (Kabupaten)", "province": "Lampung"},
  {"api": "Kabupaten Way Kanan", "display": "Way Kanan (Kabupaten)", "province": "Lampung"},
  {"api": "Ambon", "display": "Ambon (Kota)", "province": "Maluku"},
  {"api": "Tual", "display": "Tual (Kota)", "province": "Maluku"},
  {"api": "Kabupaten Buru", "display": "Buru (Kabupaten)", "province": "Maluku"},
  {"api": "Kabupaten Buru Selatan", "display": "Buru Selatan (Kabupaten)", "province": "Maluku"},
  {"api": "Kabupaten Kepulauan Aru", "display": "Kepulauan Aru (Kabupaten)", "province": "Maluku"},
  {"api": "Kabupaten Maluku Barat Daya", "display": "Maluku Barat Daya (Kabupaten)", "province": "Maluku"},
  {"api": "Kabupaten Maluku Tengah", "display": "Maluku Tengah (Kabupaten)", "province": "Maluku"},
  {"api": "Kabupaten Maluku Tenggara", "display": "Maluku Tenggara (Kabupaten)", "province": "Maluku"},
  {"api": "Kabupaten Maluku Tenggara Barat", "display": "Maluku Tenggara Barat (Kabupaten)", "province": "Maluku"},
  {"api": "Kabupaten Seram Bagian Barat", "display": "Seram Bagian Barat (Kabupaten)", "province": "Maluku"},
  {"api": "Kabupaten Seram Bagian Timur", "display": "Seram Bagian Timur (Kabupaten)", "province": "Maluku"},
  {"api": "Ternate", "display": "Ternate (Kota)", "province": "Maluku Utara"},
  {"api": "Tidore Kepulauan", "display": "Tidore Kepulauan (Kota)", "province": "Maluku Utara"},
  {"api": "Kabupaten Halmahera Barat", "display": "Halmahera Barat (Kabupaten)", "province": "Maluku Utara"},
  {"api": "Kabupaten Halmahera Selatan", "display": "Halmahera Selatan (Kabupaten)", "province": "Maluku Utara"},
  {"api": "Kabupaten Halmahera Tengah", "display": "Halmahera Tengah (Kabupaten)", "province": "Maluku Utara"},
  {"api": "Kabupaten Halmahera Timur", "display": "Halmahera Timur (Kabupaten)", "province": "Maluku Utara"},
  {"api": "Kabupaten Halmahera Utara", "display": "Halmahera Utara (Kabupaten)", "province": "Maluku Utara"},
  {"api": "Kabupaten Kepulauan Sula", "display": "Kepulauan Sula (Kabupaten)", "province": "Maluku Utara"},
  {"api": "Kabupaten Pulau Morotai", "display": "Pulau Morotai (Kabupaten)", "province": "Maluku Utara"},
  {"api": "Kabupaten Pulau Taliabu", "display": "Pulau Taliabu (Kabupaten)", "province": "Maluku Utara"},
  {"api": "Bima", "display": "Bima (Kota)", "province": "Nusa Tenggara Barat"},
  {"api": "Mataram", "display": "Mataram (Kota)", "province": "Nusa Tenggara Barat"},
  {"api": "Kabupaten Bima", "display": "Bima (Kabupaten)", "province": "Nusa Tenggara Barat"},
  {"api": "Kabupaten Dompu", "display": "Dompu (Kabupaten)", "province": "Nusa Tenggara Barat"},
  {"api": "Kabupaten Lombok Barat", "display": "Lombok Barat (Kabupaten)", "province": "Nusa Tenggara Barat"},
  {"api": "Kabupaten Lombok Tengah", "display": "Lombok Tengah (Kabupaten)", "province": "Nusa Tenggara Barat"},
  {"api": "Kabupaten Lombok Timur", "display": "Lombok Timur (Kabupaten)", "province": "Nusa Tenggara Barat"},
  {"api": "Kabupaten Lombok Utara", "display": "Lombok Utara (Kabupaten)", "province": "Nusa Tenggara Barat"},
  {"api": "Kabupaten Sumbawa", "display": "Sumbawa (Kabupaten)", "province": "Nusa Tenggara Barat"},
  {"api": "Kabupaten Sumbawa Barat", "display": "Sumbawa Barat (Kabupaten)", "province": "Nusa Tenggara Barat"},
  {"api": "Kupang", "display": "Kupang (Kota)", "province": "Nusa Tenggara Timur"},
  {"api": "Kabupaten Alor", "display": "Alor (Kabupaten)", "province": "Nusa Tenggara Timur"},
  {"api": "Kabupaten Belu", "display": "Belu (Kabupaten)", "province": "Nusa Tenggara Timur"},
  {"api": "Kabupaten Ende", "display": "Ende (Kabupaten)", "province": "Nusa Tenggara Timur"},
  {"api": "Kabupaten Flores Timur", "display": "Flores Timur (Kabupaten)", "province": "Nusa Tenggara Timur"},
  {"api": "Kabupaten Kupang", "display": "Kupang (Kabupaten)", "province": "Nusa Tenggara Timur"},
  {"api": "Kabupaten Lembata", "display": "Lembata (Kabupaten)", "province": "Nusa Tenggara Timur"},
  {"api": "Kabupaten Malaka", "display": "Malaka (Kabupaten)", "province": "Nusa Tenggara Timur"},
  {"api": "Kabupaten Manggarai", "display": "Manggarai (Kabupaten)", "province": "Nusa Tenggara Timur"},
  {"api": "Kabupaten Manggarai Barat", "display": "Manggarai Barat (Kabupaten)", "province": "Nusa Tenggara Timur"},
  {"api": "Kabupaten Manggarai Timur", "display": "Manggarai Timur (Kabupaten)", "province": "Nusa Tenggara Timur"},
  {"api": "Kabupaten Nagekeo", "display": "Nagekeo (Kabupaten)", "province": "Nusa Tenggara Timur"},
  {"api": "Kabupaten Ngada", "display": "Ngada (Kabupaten)", "province": "Nusa Tenggara Timur"},
  {"api": "Kabupaten Rote Ndao", "display": "Rote Ndao (Kabupaten)", "province": "Nusa Tenggara Timur"},
  {"api": "Kabupaten Sabu Raijua", "display": "Sabu Raijua (Kabupaten)", "province": "Nusa Tenggara Timur"},
  {"api": "Kabupaten Sikka", "display": "Sikka (Kabupaten)", "province": "Nusa Tenggara Timur"},
  {"api": "Kabupaten Sumba Barat", "display": "Sumba Barat (Kabupaten)", "province": "Nusa Tenggara Timur"},
  {"api": "Kabupaten Sumba Barat Daya", "display": "Sumba Barat Daya (Kabupaten)", "province": "Nusa Tenggara Timur"},
  {"api": "Kabupaten Sumba Tengah", "display": "Sumba Tengah (Kabupaten)", "province": "Nusa Tenggara Timur"},
  {"api": "Kabupaten Sumba Timur", "display": "Sumba Timur (Kabupaten)", "province": "Nusa Tenggara Timur"},
  {"api": "Kabupaten Timor Tengah Selatan", "display": "Timor Tengah Selatan (Kabupaten)", "province": "Nusa Tenggara Timur"},
  {"api": "Kabupaten Timor Tengah Utara", "display": "Timor Tengah Utara (Kabupaten)", "province": "Nusa Tenggara Timur"},
  {"api": "Jayapura", "display": "Jayapura (Kota)", "province": "Papua"},
  {"api": "Kabupaten Biak Numfor", "display": "Biak Numfor (Kabupaten)", "province": "Papua"},
  {"api": "Kabupaten Jayapura", "display": "Jayapura (Kabupaten)", "province": "Papua"},
  {"api": "Kabupaten Keerom", "display": "Keerom (Kabupaten)", "province": "Papua"},
  {"api": "Kabupaten Kepulauan Yapen", "display": "Kepulauan Yapen (Kabupaten)", "province": "Papua"},
  {"api": "Kabupaten Mamberamo Raya", "display": "Mamberamo Raya (Kabupaten)", "province": "Papua"},
  {"api": "Kabupaten Sarmi", "display": "Sarmi (Kabupaten)", "province": "Papua"},
  {"api": "Kabupaten Supiori", "display": "Supiori (Kabupaten)", "province": "Papua"},
  {"api": "Kabupaten Waropen", "display": "Waropen (Kabupaten)", "province": "Papua"},
  {"api": "Sorong", "display": "Sorong (Kota)", "province": "Papua Barat"},
  {"api": "Kabupaten Manokwari", "display": "Manokwari (Kabupaten)", "province": "Papua Barat"},
  {"api": "Kabupaten Manokwari Selatan", "display": "Manokwari Selatan (Kabupaten)", "province": "Papua Barat"},
  {"api": "Kabupaten Pegunungan Arfak", "display": "Pegunungan Arfak (Kabupaten)", "province": "Papua Barat"},
  {"api": "Kabupaten Sorong", "display": "Sorong (Kabupaten)", "province": "Papua Barat"},
  {"api": "Kabupaten Tambrauw", "display": "Tambrauw (Kabupaten)", "province": "Papua Barat"},
  {"api": "Kabupaten Teluk Bintuni", "display": "Teluk Bintuni (Kabupaten)", "province": "Papua Barat"},
  {"api": "Kabupaten Teluk Wondama", "display": "Teluk Wondama (Kabupaten)", "province": "Papua Barat"},
  {"api": "Kabupaten Fakfak", "display": "Fakfak (Kabupaten)", "province": "Papua Barat Daya"},
  {"api": "Kabupaten Kaimana", "display": "Kaimana (Kabupaten)", "province": "Papua Barat Daya"},
  {"api": "Kabupaten Maybrat", "display": "Maybrat (Kabupaten)", "province": "Papua Barat Daya"},
  {"api": "Kabupaten Raja Ampat", "display": "Raja Ampat (Kabupaten)", "province": "Papua Barat Daya"},
  {"api": "Kabupaten Sorong Selatan", "display": "Sorong Selatan (Kabupaten)", "province": "Papua Barat Daya"},
  {"api": "Kabupaten Jayawijaya", "display": "Jayawijaya (Kabupaten)", "province": "Papua Pegunungan"},
  {"api": "Kabupaten Lanny Jaya", "display": "Lanny Jaya (Kabupaten)", "province": "Papua Pegunungan"},
  {"api": "Kabupaten Mamberamo Tengah", "display": "Mamberamo Tengah (Kabupaten)", "province": "Papua Pegunungan"},
  {"api": "Kabupaten Nduga", "display": "Nduga (Kabupaten)", "province": "Papua Pegunungan"},
  {"api": "Kabupaten Pegunungan Bintang", "display": "Pegunungan Bintang (Kabupaten)", "province": "Papua Pegunungan"},
  {"api": "Kabupaten Tolikara", "display": "Tolikara (Kabupaten)", "province": "Papua Pegunungan"},
  {"api": "Kabupaten Yahukimo", "display": "Yahukimo (Kabupaten)", "province": "Papua Pegunungan"},
  {"api": "Kabupaten Yalimo", "display": "Yalimo (Kabupaten)", "province": "Papua Pegunungan"},
  {"api": "Kabupaten Asmat", "display": "Asmat (Kabupaten)", "province": "Papua Selatan"},
  {"api": "Kabupaten Boven Digoel", "display": "Boven Digoel (Kabupaten)", "province": "Papua Selatan"},
  {"api": "Kabupaten Mappi", "display": "Mappi (Kabupaten)", "province": "Papua Selatan"},
  {"api": "Kabupaten Merauke", "display": "Merauke (Kabupaten)", "province": "Papua Selatan"},
  {"api": "Kabupaten Deiyai", "display": "Deiyai (Kabupaten)", "province": "Papua Tengah"},
  {"api": "Kabupaten Dogiyai", "display": "Dogiyai (Kabupaten)", "province": "Papua Tengah"},
  {"api": "Kabupaten Intan Jaya", "display": "Intan Jaya (Kabupaten)", "province": "Papua Tengah"},
  {"api": "Kabupaten Mimika", "display": "Mimika (Kabupaten)", "province": "Papua Tengah"},
  {"api": "Kabupaten Nabire", "display": "Nabire (Kabupaten)", "province": "Papua Tengah"},
  {"api": "Kabupaten Paniai", "display": "Paniai (Kabupaten)", "province": "Papua Tengah"},
  {"api": "Kabupaten Puncak", "display": "Puncak (Kabupaten)", "province": "Papua Tengah"},
  {"api": "Kabupaten Puncak Jaya", "display": "Puncak Jaya (Kabupaten)", "province": "Papua Tengah"},
  {"api": "Dumai", "display": "Dumai (Kota)", "province": "Riau"},
  {"api": "Pekanbaru", "display": "Pekanbaru (Kota)", "province": "Riau"},
  {"api": "Kabupaten Bengkalis", "display": "Bengkalis (Kabupaten)", "province": "Riau"},
  {"api": "Kabupaten Indragiri Hilir", "display": "Indragiri Hilir (Kabupaten)", "province": "Riau"},
  {"api": "Kabupaten Indragiri Hulu", "display": "Indragiri Hulu (Kabupaten)", "province": "Riau"},
  {"api": "Kabupaten Kampar", "display": "Kampar (Kabupaten)", "province": "Riau"},
  {"api": "Kabupaten Kepulauan Meranti", "display": "Kepulauan Meranti (Kabupaten)", "province": "Riau"},
  {"api": "Kabupaten Kuantan Singingi", "display": "Kuantan Singingi (Kabupaten)", "province": "Riau"},
  {"api": "Kabupaten Pelalawan", "display": "Pelalawan (Kabupaten)", "province": "Riau"},
  {"api": "Kabupaten Rokan Hilir", "display": "Rokan Hilir (Kabupaten)", "province": "Riau"},
  {"api": "Kabupaten Rokan Hulu", "display": "Rokan Hulu (Kabupaten)", "province": "Riau"},
  {"api": "Kabupaten Siak", "display": "Siak (Kabupaten)", "province": "Riau"},
  {"api": "Makassar", "display": "Makassar (Kota)", "province": "Sulawesi Selatan"},
  {"api": "Palopo", "display": "Palopo (Kota)", "province": "Sulawesi Selatan"},
  {"api": "Parepare", "display": "Parepare (Kota)", "province": "Sulawesi Selatan"},
  {"api": "Kabupaten Bantaeng", "display": "Bantaeng (Kabupaten)", "province": "Sulawesi Selatan"},
  {"api": "Kabupaten Barru", "display": "Barru (Kabupaten)", "province": "Sulawesi Selatan"},
  {"api": "Kabupaten Bone", "display": "Bone (Kabupaten)", "province": "Sulawesi Selatan"},
  {"api": "Kabupaten Bulukumba", "display": "Bulukumba (Kabupaten)", "province": "Sulawesi Selatan"},
  {"api": "Kabupaten Enrekang", "display": "Enrekang (Kabupaten)", "province": "Sulawesi Selatan"},
  {"api": "Kabupaten Gowa", "display": "Gowa (Kabupaten)", "province": "Sulawesi Selatan"},
  {"api": "Kabupaten Jeneponto", "display": "Jeneponto (Kabupaten)", "province": "Sulawesi Selatan"},
  {"api": "Kabupaten Kepulauan Selayar", "display": "Kepulauan Selayar (Kabupaten)", "province": "Sulawesi Selatan"},
  {"api": "Kabupaten Luwu", "display": "Luwu (Kabupaten)", "province": "Sulawesi Selatan"},
  {"api": "Kabupaten Luwu Timur", "display": "Luwu Timur (Kabupaten)", "province": "Sulawesi Selatan"},
  {"api": "Kabupaten Luwu Utara", "display": "Luwu Utara (Kabupaten)", "province": "Sulawesi Selatan"},
  {"api": "Kabupaten Maros", "display": "Maros (Kabupaten)", "province": "Sulawesi Selatan"},
  {"api": "Kabupaten Pangkajene dan Kepulauan", "display": "Pangkajene dan Kepulauan (Kabupaten)", "province": "Sulawesi Selatan"},
  {"api": "Kabupaten Pinrang", "display": "Pinrang (Kabupaten)", "province": "Sulawesi Selatan"},
  {"api": "Kabupaten Sidenreng Rappang", "display": "Sidenreng Rappang (Kabupaten)", "province": "Sulawesi Selatan"},
  {"api": "Kabupaten Sinjai", "display": "Sinjai (Kabupaten)", "province": "Sulawesi Selatan"},
  {"api": "Kabupaten Soppeng", "display": "Soppeng (Kabupaten)", "province": "Sulawesi Selatan"},
  {"api": "Kabupaten Takalar", "display": "Takalar (Kabupaten)", "province": "Sulawesi Selatan"},
  {"api": "Kabupaten Tana Toraja", "display": "Tana Toraja (Kabupaten)", "province": "Sulawesi Selatan"},
  {"api": "Kabupaten Toraja Utara", "display": "Toraja Utara (Kabupaten)", "province": "Sulawesi Selatan"},
  {"api": "Kabupaten Wajo", "display": "Wajo (Kabupaten)", "province": "Sulawesi Selatan"},
  {"api": "Palu", "display": "Palu (Kota)", "province": "Sulawesi Tengah"},
  {"api": "Kabupaten Banggai", "display": "Banggai (Kabupaten)", "province": "Sulawesi Tengah"},
  {"api": "Kabupaten Banggai Kepulauan", "display": "Banggai Kepulauan (Kabupaten)", "province": "Sulawesi Tengah"},
  {"api": "Kabupaten Banggai Laut", "display": "Banggai Laut (Kabupaten)", "province": "Sulawesi Tengah"},
  {"api": "Kabupaten Buol", "display": "Buol (Kabupaten)", "province": "Sulawesi Tengah"},
  {"api": "Kabupaten Donggala", "display": "Donggala (Kabupaten)", "province": "Sulawesi Tengah"},
  {"api": "Kabupaten Morowali", "display": "Morowali (Kabupaten)", "province": "Sulawesi Tengah"},
  {"api": "Kabupaten Morowali Utara", "display": "Morowali Utara (Kabupaten)", "province": "Sulawesi Tengah"},
  {"api": "Kabupaten Parigi Moutong", "display": "Parigi Moutong (Kabupaten)", "province": "Sulawesi Tengah"},
  {"api": "Kabupaten Poso", "display": "Poso (Kabupaten)", "province": "Sulawesi Tengah"},
  {"api": "Kabupaten Sigi", "display": "Sigi (Kabupaten)", "province": "Sulawesi Tengah"},
  {"api": "Kabupaten Tojo Una-Una", "display": "Tojo Una-Una (Kabupaten)", "province": "Sulawesi Tengah"},
  {"api": "Kabupaten Toli-Toli", "display": "Toli-Toli (Kabupaten)", "province": "Sulawesi Tengah"},
  {"api": "Bau-Bau", "display": "Bau-Bau (Kota)", "province": "Sulawesi Tenggara"},
  {"api": "Kendari", "display": "Kendari (Kota)", "province": "Sulawesi Tenggara"},
  {"api": "Kabupaten Bombana", "display": "Bombana (Kabupaten)", "province": "Sulawesi Tenggara"},
  {"api": "Kabupaten Buton", "display": "Buton (Kabupaten)", "province": "Sulawesi Tenggara"},
  {"api": "Kabupaten Buton Selatan", "display": "Buton Selatan (Kabupaten)", "province": "Sulawesi Tenggara"},
  {"api": "Kabupaten Buton Tengah", "display": "Buton Tengah (Kabupaten)", "province": "Sulawesi Tenggara"},
  {"api": "Kabupaten Buton Utara", "display": "Buton Utara (Kabupaten)", "province": "Sulawesi Tenggara"},
  {"api": "Kabupaten Kolaka", "display": "Kolaka (Kabupaten)", "province": "Sulawesi Tenggara"},
  {"api": "Kabupaten Kolaka Timur", "display": "Kolaka Timur (Kabupaten)", "province": "Sulawesi Tenggara"},
  {"api": "Kabupaten Kolaka Utara", "display": "Kolaka Utara (Kabupaten)", "province": "Sulawesi Tenggara"},
  {"api": "Kabupaten Konawe", "display": "Konawe (Kabupaten)", "province": "Sulawesi Tenggara"},
  {"api": "Kabupaten Konawe Kepulauan", "display": "Konawe Kepulauan (Kabupaten)", "province": "Sulawesi Tenggara"},
  {"api": "Kabupaten Konawe Selatan", "display": "Konawe Selatan (Kabupaten)", "province": "Sulawesi Tenggara"},
  {"api": "Kabupaten Konawe Utara", "display": "Konawe Utara (Kabupaten)", "province": "Sulawesi Tenggara"},
  {"api": "Kabupaten Muna", "display": "Muna (Kabupaten)", "province": "Sulawesi Tenggara"},
  {"api": "Kabupaten Muna Barat", "display": "Muna Barat (Kabupaten)", "province": "Sulawesi Tenggara"},
  {"api": "Kabupaten Wakatobi", "display": "Wakatobi (Kabupaten)", "province": "Sulawesi Tenggara"},
  {"api": "Bitung", "display": "Bitung (Kota)", "province": "Sulawesi Utara"},
  {"api": "Kotamobagu", "display": "Kotamobagu (Kota)", "province": "Sulawesi Utara"},
  {"api": "Manado", "display": "Manado (Kota)", "province": "Sulawesi Utara"},
  {"api": "Tomohon", "display": "Tomohon (Kota)", "province": "Sulawesi Utara"},
  {"api": "Kabupaten Bolaang Mongondow", "display": "Bolaang Mongondow (Kabupaten)", "province": "Sulawesi Utara"},
  {"api": "Kabupaten Bolaang Mongondow Selatan", "display": "Bolaang Mongondow Selatan (Kabupaten)", "province": "Sulawesi Utara"},
  {"api": "Kabupaten Bolaang Mongondow Timur", "display": "Bolaang Mongondow Timur (Kabupaten)", "province": "Sulawesi Utara"},
  {"api": "Kabupaten Bolaang Mongondow Utara", "display": "Bolaang Mongondow Utara (Kabupaten)", "province": "Sulawesi Utara"},
  {"api": "Kabupaten Kepulauan Sangihe", "display": "Kepulauan Sangihe (Kabupaten)", "province": "Sulawesi Utara"},
  {"api": "Kabupaten Kepulauan Siau Tagulandang Biaro", "display": "Kepulauan Siau Tagulandang Biaro (Kabupaten)", "province": "Sulawesi Utara"},
  {"api": "Kabupaten Kepulauan Talaud", "display": "Kepulauan Talaud (Kabupaten)", "province": "Sulawesi Utara"},
  {"api": "Kabupaten Minahasa", "display": "Minahasa (Kabupaten)", "province": "Sulawesi Utara"},
  {"api": "Kabupaten Minahasa Selatan", "display": "Minahasa Selatan (Kabupaten)", "province": "Sulawesi Utara"},
  {"api": "Kabupaten Minahasa Tenggara", "display": "Minahasa Tenggara (Kabupaten)", "province": "Sulawesi Utara"},
  {"api": "Kabupaten Minahasa Utara", "display": "Minahasa Utara (Kabupaten)", "province": "Sulawesi Utara"},
  {"api": "Bukittinggi", "display": "Bukittinggi (Kota)", "province": "Sumatera Barat"},
  {"api": "Padang", "display": "Padang (Kota)", "province": "Sumatera Barat"},
  {"api": "Padang Panjang", "display": "Padang Panjang (Kota)", "province": "Sumatera Barat"},
  {"api": "Pariaman", "display": "Pariaman (Kota)", "province": "Sumatera Barat"},
  {"api": "Payakumbuh", "display": "Payakumbuh (Kota)", "province": "Sumatera Barat"},
  {"api": "Sawahlunto", "display": "Sawahlunto (Kota)", "province": "Sumatera Barat"},
  {"api": "Solok", "display": "Solok (Kota)", "province": "Sumatera Barat"},
  {"api": "Kabupaten Agam", "display": "Agam (Kabupaten)", "province": "Sumatera Barat"},
  {"api": "Kabupaten Dharmasraya", "display": "Dharmasraya (Kabupaten)", "province": "Sumatera Barat"},
  {"api": "Kabupaten Kepulauan Mentawai", "display": "Kepulauan Mentawai (Kabupaten)", "province": "Sumatera Barat"},
  {"api": "Kabupaten Lima Puluh Kota", "display": "Lima Puluh Kota (Kabupaten)", "province": "Sumatera Barat"},
  {"api": "Kabupaten Padang Pariaman", "display": "Padang Pariaman (Kabupaten)", "province": "Sumatera Barat"},
  {"api": "Kabupaten Pasaman", "display": "Pasaman (Kabupaten)", "province": "Sumatera Barat"},
  {"api": "Kabupaten Pasaman Barat", "display": "Pasaman Barat (Kabupaten)", "province": "Sumatera Barat"},
  {"api": "Kabupaten Pesisir Selatan", "display": "Pesisir Selatan (Kabupaten)", "province": "Sumatera Barat"},
  {"api": "Kabupaten Sijunjung", "display": "Sijunjung (Kabupaten)", "province": "Sumatera Barat"},
  {"api": "Kabupaten Solok", "display": "Solok (Kabupaten)", "province": "Sumatera Barat"},
  {"api": "Kabupaten Solok Selatan", "display": "Solok Selatan (Kabupaten)", "province": "Sumatera Barat"},
  {"api": "Kabupaten Tanah Datar", "display": "Tanah Datar (Kabupaten)", "province": "Sumatera Barat"},
  {"api": "Lubuklinggau", "display": "Lubuklinggau (Kota)", "province": "Sumatera Selatan"},
  {"api": "Pagar Alam", "display": "Pagar Alam (Kota)", "province": "Sumatera Selatan"},
  {"api": "Palembang", "display": "Palembang (Kota)", "province": "Sumatera Selatan"},
  {"api": "Prabumulih", "display": "Prabumulih (Kota)", "province": "Sumatera Selatan"},
  {"api": "Kabupaten Banyuasin", "display": "Banyuasin (Kabupaten)", "province": "Sumatera Selatan"},
  {"api": "Kabupaten Empat Lawang", "display": "Empat Lawang (Kabupaten)", "province": "Sumatera Selatan"},
  {"api": "Kabupaten Lahat", "display": "Lahat (Kabupaten)", "province": "Sumatera Selatan"},
  {"api": "Kabupaten Muara Enim", "display": "Muara Enim (Kabupaten)", "province": "Sumatera Selatan"},
  {"api": "Kabupaten Musi Banyuasin", "display": "Musi Banyuasin (Kabupaten)", "province": "Sumatera Selatan"},
  {"api": "Kabupaten Musi Rawas", "display": "Musi Rawas (Kabupaten)", "province": "Sumatera Selatan"},
  {"api": "Kabupaten Musi Rawas Utara", "display": "Musi Rawas Utara (Kabupaten)", "province": "Sumatera Selatan"},
  {"api": "Kabupaten Ogan Ilir", "display": "Ogan Ilir (Kabupaten)", "province": "Sumatera Selatan"},
  {"api": "Kabupaten Ogan Komering Ilir", "display": "Ogan Komering Ilir (Kabupaten)", "province": "Sumatera Selatan"},
  {"api": "Kabupaten Ogan Komering Ulu", "display": "Ogan Komering Ulu (Kabupaten)", "province": "Sumatera Selatan"},
  {"api": "Kabupaten Ogan Komering Ulu Selatan", "display": "Ogan Komering Ulu Selatan (Kabupaten)", "province": "Sumatera Selatan"},
  {"api": "Kabupaten Ogan Komering Ulu Timur", "display": "Ogan Komering Ulu Timur (Kabupaten)", "province": "Sumatera Selatan"},
  {"api": "Kabupaten Penukal Abab Lematang Ilir", "display": "Penukal Abab Lematang Ilir (Kabupaten)", "province": "Sumatera Selatan"},
  {"api": "Binjai", "display": "Binjai (Kota)", "province": "Sumatera Utara"},
  {"api": "Gunungsitoli", "display": "Gunungsitoli (Kota)", "province": "Sumatera Utara"},
  {"api": "Medan", "display": "Medan (Kota)", "province": "Sumatera Utara"},
  {"api": "Padang Sidempuan", "display": "Padang Sidempuan (Kota)", "province": "Sumatera Utara"},
  {"api": "Pematang Siantar", "display": "Pematang Siantar (Kota)", "province": "Sumatera Utara"},
  {"api": "Sibolga", "display": "Sibolga (Kota)", "province": "Sumatera Utara"},
  {"api": "Tanjung Balai", "display": "Tanjung Balai (Kota)", "province": "Sumatera Utara"},
  {"api": "Tebing Tinggi", "display": "Tebing Tinggi (Kota)", "province": "Sumatera Utara"},
  {"api": "Kabupaten Asahan", "display": "Asahan (Kabupaten)", "province": "Sumatera Utara"},
  {"api": "Kabupaten Batubara", "display": "Batubara (Kabupaten)", "province": "Sumatera Utara"},
  {"api": "Kabupaten Dairi", "display": "Dairi (Kabupaten)", "province": "Sumatera Utara"},
  {"api": "Kabupaten Deli Serdang", "display": "Deli Serdang (Kabupaten)", "province": "Sumatera Utara"},
  {"api": "Kabupaten Humbang Hasundutan", "display": "Humbang Hasundutan (Kabupaten)", "province": "Sumatera Utara"},
  {"api": "Kabupaten Karo", "display": "Karo (Kabupaten)", "province": "Sumatera Utara"},
  {"api": "Kabupaten Labuhanbatu", "display": "Labuhanbatu (Kabupaten)", "province": "Sumatera Utara"},
  {"api": "Kabupaten Labuhanbatu Selatan", "display": "Labuhanbatu Selatan (Kabupaten)", "province": "Sumatera Utara"},
  {"api": "Kabupaten Labuhanbatu Utara", "display": "Labuhanbatu Utara (Kabupaten)", "province": "Sumatera Utara"},
  {"api": "Kabupaten Langkat", "display": "Langkat (Kabupaten)", "province": "Sumatera Utara"},
  {"api": "Kabupaten Mandailing Natal", "display": "Mandailing Natal (Kabupaten)", "province": "Sumatera Utara"},
  {"api": "Kabupaten Nias", "display": "Nias (Kabupaten)", "province": "Sumatera Utara"},
  {"api": "Kabupaten Nias Barat", "display": "Nias Barat (Kabupaten)", "province": "Sumatera Utara"},
  {"api": "Kabupaten Nias Selatan", "display": "Nias Selatan (Kabupaten)", "province": "Sumatera Utara"},
  {"api": "Kabupaten Nias Utara", "display": "Nias Utara (Kabupaten)", "province": "Sumatera Utara"},
  {"api": "Kabupaten Padang Lawas", "display": "Padang Lawas (Kabupaten)", "province": "Sumatera Utara"},
  {"api": "Kabupaten Padang Lawas Utara", "display": "Padang Lawas Utara (Kabupaten)", "province": "Sumatera Utara"},
  {"api": "Kabupaten Pakpak Bharat", "display": "Pakpak Bharat (Kabupaten)", "province": "Sumatera Utara"},
  {"api": "Kabupaten Samosir", "display": "Samosir (Kabupaten)", "province": "Sumatera Utara"},
  {"api": "Kabupaten Serdang Bedagai", "display": "Serdang Bedagai (Kabupaten)", "province": "Sumatera Utara"},
  {"api": "Kabupaten Simalungun", "display": "Simalungun (Kabupaten)", "province": "Sumatera Utara"},
  {"api": "Kabupaten Tapanuli Selatan", "display": "Tapanuli Selatan (Kabupaten)", "province": "Sumatera Utara"},
  {"api": "Kabupaten Tapanuli Tengah", "display": "Tapanuli Tengah (Kabupaten)", "province": "Sumatera Utara"},
  {"api": "Kabupaten Tapanuli Utara", "display": "Tapanuli Utara (Kabupaten)", "province": "Sumatera Utara"},
  {"api": "Kabupaten Toba", "display": "Toba (Kabupaten)", "province": "Sumatera Utara"},
  {"api": "Kabupaten Majene", "display": "Majene (Kabupaten)", "province": "Sulawesi Barat"},
  {"api": "Kabupaten Mamasa", "display": "Mamasa (Kabupaten)", "province": "Sulawesi Barat"},
  {"api": "Kabupaten Mamuju", "display": "Mamuju (Kabupaten)", "province": "Sulawesi Barat"},
  {"api": "Kabupaten Mamuju Tengah", "display": "Mamuju Tengah (Kabupaten)", "province": "Sulawesi Barat"},
  {"api": "Kabupaten Kabupaten Pasangkayu", "display": "Pasangkayu (Kabupaten)", "province": "Sulawesi Barat"},
  {"api": "Kabupaten Polewali Mandar", "display": "Polewali Mandar (Kabupaten)", "province": "Sulawesi Barat"}
]
