[
  {"api": "Banda Aceh", "display": "Banda Aceh", "province": "Aceh"},
  {"api": "Langsa", "display": "Langsa", "province": "Aceh"},
  {"api": "Lhokseumawe", "display": "Lhokseumawe", "province": "Aceh"},
  {"api": "Sabang", "display": "Sabang", "province": "Aceh"},
  {"api": "Subulussalam", "display": "Subulussalam", "province": "Aceh"},
  {"api": "Aceh Barat", "display": "Aceh Barat (Meulaboh)", "province": "Aceh"},
  {"api": "Aceh Barat Daya", "display": "Aceh Barat Daya (Blangpidie)", "province": "Aceh"},
  {"api": "Aceh Besar", "display": "Aceh Besar (Jantho)", "province": "Aceh"},
  {"api": "Aceh Jaya", "display": "Aceh Jaya (Calang)", "province": "Aceh"},
  {"api": "Aceh Selatan", "display": "Aceh Selatan (Tapaktuan)", "province": "Aceh"},
  {"api": "Aceh Singkil", "display": "Aceh Singkil (Singkil)", "province": "Aceh"},
  {"api": "Aceh Tamiang", "display": "Aceh Tamiang (Karang Baru)", "province": "Aceh"},
  {"api": "Aceh Tengah", "display": "Aceh Tengah (Takengon)", "province": "Aceh"},
  {"api": "Aceh Tenggara", "display": "Aceh Tenggara (Kutacane)", "province": "Aceh"},
  {"api": "Aceh Timur", "display": "Aceh Timur (Idi Rayeuk)", "province": "Aceh"},
  {"api": "Aceh Utara", "display": "Aceh Utara (Lhoksukon)", "province": "Aceh"},
  {"api": "Bener Meriah", "display": "Bener Meriah (Simpang Tiga Redelong)", "province": "Aceh"},
  {"api": "Bireuen", "display": "Bireuen", "province": "Aceh"},
  {"api": "Gayo Lues", "display": "Gayo Lues (Blangkejeren)", "province": "Aceh"},
  {"api": "Nagan Raya", "display": "Nagan Raya (Suka Makmue)", "province": "Aceh"},
  {"api": "Pidie", "display": "Pidie (Sigli)", "province": "Aceh"},
  {"api": "Pidie Jaya", "display": "Pidie Jaya (Meureudu)", "province": "Aceh"},
  {"api": "Simeulue", "display": "Simeulue (Sinabang)", "province": "Aceh"},
  
  {"api": "Medan", "display": "Medan", "province": "Sumatera Utara"},
  {"api": "Binjai", "display": "Binjai", "province": "Sumatera Utara"},
  {"api": "Padang Sidempuan", "display": "Padang Sidempuan", "province": "Sumatera Utara"},
  {"api": "Pematang Siantar", "display": "Pematang Siantar", "province": "Sumatera Utara"},
  {"api": "Sibolga", "display": "Sibolga", "province": "Sumatera Utara"},
  {"api": "Tanjung Balai", "display": "Tanjung Balai", "province": "Sumatera Utara"},
  {"api": "Tebing Tinggi", "display": "Tebing Tinggi", "province": "Sumatera Utara"},
  {"api": "Gunungsitoli", "display": "Gunungsitoli", "province": "Sumatera Utara"},
  {"api": "Asahan", "display": "Asahan (Kisaran)", "province": "Sumatera Utara"},
  {"api": "Batubara", "display": "Batubara (Limapuluh)", "province": "Sumatera Utara"},
  {"api": "Dairi", "display": "Dairi (Sidikalang)", "province": "Sumatera Utara"},
  {"api": "Deli Serdang", "display": "Deli Serdang (Lubuk Pakam)", "province": "Sumatera Utara"},
  {"api": "Humbang Hasundutan", "display": "Humbang Hasundutan (Dolok Sanggul)", "province": "Sumatera Utara"},
  {"api": "Karo", "display": "Karo (Kabanjahe)", "province": "Sumatera Utara"},
  {"api": "Labuhanbatu", "display": "Labuhanbatu (Rantau Prapat)", "province": "Sumatera Utara"},
  {"api": "Labuhanbatu Selatan", "display": "Labuhanbatu Selatan (Kota Pinang)", "province": "Sumatera Utara"},
  {"api": "Labuhanbatu Utara", "display": "Labuhanbatu Utara (Aek Kanopan)", "province": "Sumatera Utara"},
  {"api": "Langkat", "display": "Langkat (Stabat)", "province": "Sumatera Utara"},
  {"api": "Mandailing Natal", "display": "Mandailing Natal (Panyabungan)", "province": "Sumatera Utara"},
  {"api": "Nias", "display": "Nias (Gunungsitoli)", "province": "Sumatera Utara"},
  {"api": "Nias Barat", "display": "Nias Barat (Lahomi)", "province": "Sumatera Utara"},
  {"api": "Nias Selatan", "display": "Nias Selatan (Teluk Dalam)", "province": "Sumatera Utara"},
  {"api": "Nias Utara", "display": "Nias Utara (Lotu)", "province": "Sumatera Utara"},
  {"api": "Padang Lawas", "display": "Padang Lawas (Sibuhuan)", "province": "Sumatera Utara"},
  {"api": "Padang Lawas Utara", "display": "Padang Lawas Utara (Gunung Tua)", "province": "Sumatera Utara"},
  {"api": "Pakpak Bharat", "display": "Pakpak Bharat (Salak)", "province": "Sumatera Utara"},
  {"api": "Samosir", "display": "Samosir (Pangururan)", "province": "Sumatera Utara"},
  {"api": "Serdang Bedagai", "display": "Serdang Bedagai (Sei Rampah)", "province": "Sumatera Utara"},
  {"api": "Simalungun", "display": "Simalungun (Raya)", "province": "Sumatera Utara"},
  {"api": "Tapanuli Selatan", "display": "Tapanuli Selatan (Sipirok)", "province": "Sumatera Utara"},
  {"api": "Tapanuli Tengah", "display": "Tapanuli Tengah (Pandan)", "province": "Sumatera Utara"},
  {"api": "Tapanuli Utara", "display": "Tapanuli Utara (Tarutung)", "province": "Sumatera Utara"},
  {"api": "Toba", "display": "Toba (Balige)", "province": "Sumatera Utara"},
  
  {"api": "Padang", "display": "Padang", "province": "Sumatera Barat"},
  {"api": "Bukittinggi", "display": "Bukittinggi", "province": "Sumatera Barat"},
  {"api": "Padang Panjang", "display": "Padang Panjang", "province": "Sumatera Barat"},
  {"api": "Pariaman", "display": "Pariaman", "province": "Sumatera Barat"},
  {"api": "Payakumbuh", "display": "Payakumbuh", "province": "Sumatera Barat"},
  {"api": "Sawahlunto", "display": "Sawahlunto", "province": "Sumatera Barat"},
  {"api": "Solok", "display": "Solok", "province": "Sumatera Barat"},
  {"api": "Agam", "display": "Agam (Lubuk Basung)", "province": "Sumatera Barat"},
  {"api": "Dharmasraya", "display": "Dharmasraya (Pulau Punjung)", "province": "Sumatera Barat"},
  {"api": "Kepulauan Mentawai", "display": "Kepulauan Mentawai (Tuapejat)", "province": "Sumatera Barat"},
  {"api": "Lima Puluh Kota", "display": "Lima Puluh Kota (Sarilamak)", "province": "Sumatera Barat"},
  {"api": "Padang Pariaman", "display": "Padang Pariaman (Parit Malintang)", "province": "Sumatera Barat"},
  {"api": "Pasaman", "display": "Pasaman (Lubuk Sikaping)", "province": "Sumatera Barat"},
  {"api": "Pasaman Barat", "display": "Pasaman Barat (Simpang Empat)", "province": "Sumatera Barat"},
  {"api": "Pesisir Selatan", "display": "Pesisir Selatan (Painan)", "province": "Sumatera Barat"},
  {"api": "Sijunjung", "display": "Sijunjung (Muaro Sijunjung)", "province": "Sumatera Barat"},
  {"api": "Solok", "display": "Solok (Arosuka)", "province": "Sumatera Barat"},
  {"api": "Solok Selatan", "display": "Solok Selatan (Padang Aro)", "province": "Sumatera Barat"},
  {"api": "Tanah Datar", "display": "Tanah Datar (Batusangkar)", "province": "Sumatera Barat"},
  
  {"api": "Pekanbaru", "display": "Pekanbaru", "province": "Riau"},
  {"api": "Dumai", "display": "Dumai", "province": "Riau"},
  {"api": "Bengkalis", "display": "Bengkalis", "province": "Riau"},
  {"api": "Indragiri Hilir", "display": "Indragiri Hilir (Tembilahan)", "province": "Riau"},
  {"api": "Indragiri Hulu", "display": "Indragiri Hulu (Rengat)", "province": "Riau"},
  {"api": "Kampar", "display": "Kampar (Bangkinang)", "province": "Riau"},
  {"api": "Kepulauan Meranti", "display": "Kepulauan Meranti (Selatpanjang)", "province": "Riau"},
  {"api": "Kuantan Singingi", "display": "Kuantan Singingi (Teluk Kuantan)", "province": "Riau"},
  {"api": "Pelalawan", "display": "Pelalawan (Pangkalan Kerinci)", "province": "Riau"},
  {"api": "Rokan Hilir", "display": "Rokan Hilir (Bagansiapiapi)", "province": "Riau"},
  {"api": "Rokan Hulu", "display": "Rokan Hulu (Pasir Pengaraian)", "province": "Riau"},
  {"api": "Siak", "display": "Siak (Siak Sri Indrapura)", "province": "Riau"},
  
  {"api": "Jambi", "display": "Jambi", "province": "Jambi"},
  {"api": "Sungai Penuh", "display": "Sungai Penuh", "province": "Jambi"},
  {"api": "Batanghari", "display": "Batanghari (Muara Bulian)", "province": "Jambi"},
  {"api": "Bungo", "display": "Bungo (Muara Bungo)", "province": "Jambi"},
  {"api": "Kerinci", "display": "Kerinci (Siulak)", "province": "Jambi"},
  {"api": "Merangin", "display": "Merangin (Bangko)", "province": "Jambi"},
  {"api": "Muaro Jambi", "display": "Muaro Jambi (Sengeti)", "province": "Jambi"},
  {"api": "Sarolangun", "display": "Sarolangun", "province": "Jambi"},
  {"api": "Tanjung Jabung Barat", "display": "Tanjung Jabung Barat (Kuala Tungkal)", "province": "Jambi"},
  {"api": "Tanjung Jabung Timur", "display": "Tanjung Jabung Timur (Muara Sabak)", "province": "Jambi"},
  {"api": "Tebo", "display": "Tebo (Muara Tebo)", "province": "Jambi"},
  
  {"api": "Palembang", "display": "Palembang", "province": "Sumatera Selatan"},
  {"api": "Lubuklinggau", "display": "Lubuklinggau", "province": "Sumatera Selatan"},
  {"api": "Pagar Alam", "display": "Pagar Alam", "province": "Sumatera Selatan"},
  {"api": "Prabumulih", "display": "Prabumulih", "province": "Sumatera Selatan"},
  {"api": "Banyuasin", "display": "Banyuasin (Pangkalan Balai)", "province": "Sumatera Selatan"},
  {"api": "Empat Lawang", "display": "Empat Lawang (Tebing Tinggi)", "province": "Sumatera Selatan"},
  {"api": "Lahat", "display": "Lahat", "province": "Sumatera Selatan"},
  {"api": "Muara Enim", "display": "Muara Enim", "province": "Sumatera Selatan"},
  {"api": "Musi Banyuasin", "display": "Musi Banyuasin (Sekayu)", "province": "Sumatera Selatan"},
  {"api": "Musi Rawas", "display": "Musi Rawas (Muara Beliti)", "province": "Sumatera Selatan"},
  {"api": "Musi Rawas Utara", "display": "Musi Rawas Utara (Rupit)", "province": "Sumatera Selatan"},
  {"api": "Ogan Ilir", "display": "Ogan Ilir (Indralaya)", "province": "Sumatera Selatan"},
  {"api": "Ogan Komering Ilir", "display": "Ogan Komering Ilir (Kayuagung)", "province": "Sumatera Selatan"},
  {"api": "Ogan Komering Ulu", "display": "Ogan Komering Ulu (Baturaja)", "province": "Sumatera Selatan"},
  {"api": "Ogan Komering Ulu Selatan", "display": "Ogan Komering Ulu Selatan (Muaradua)", "province": "Sumatera Selatan"},
  {"api": "Ogan Komering Ulu Timur", "display": "Ogan Komering Ulu Timur (Martapura)", "province": "Sumatera Selatan"},
  {"api": "Penukal Abab Lematang Ilir", "display": "Penukal Abab Lematang Ilir (Talang Ubi)", "province": "Sumatera Selatan"},
  
  {"api": "Bengkulu", "display": "Bengkulu", "province": "Bengkulu"},
  {"api": "Bengkulu Selatan", "display": "Bengkulu Selatan (Manna)", "province": "Bengkulu"},
  {"api": "Bengkulu Tengah", "display": "Bengkulu Tengah (Karang Tinggi)", "province": "Bengkulu"},
  {"api": "Bengkulu Utara", "display": "Bengkulu Utara (Arga Makmur)", "province": "Bengkulu"},
  {"api": "Kaur", "display": "Kaur (Bintuhan)", "province": "Bengkulu"},
  {"api": "Kepahiang", "display": "Kepahiang", "province": "Bengkulu"},
  {"api": "Lebong", "display": "Lebong (Tubei)", "province": "Bengkulu"},
  {"api": "Mukomuko", "display": "Mukomuko", "province": "Bengkulu"},
  {"api": "Rejang Lebong", "display": "Rejang Lebong (Curup)", "province": "Bengkulu"},
  {"api": "Seluma", "display": "Seluma (Tais)", "province": "Bengkulu"},
  
  {"api": "Bandar Lampung", "display": "Bandar Lampung", "province": "Lampung"},
  {"api": "Metro", "display": "Metro", "province": "Lampung"},
  {"api": "Lampung Barat", "display": "Lampung Barat (Liwa)", "province": "Lampung"},
  {"api": "Lampung Selatan", "display": "Lampung Selatan (Kalianda)", "province": "Lampung"},
  {"api": "Lampung Tengah", "display": "Lampung Tengah (Gunung Sugih)", "province": "Lampung"},
  {"api": "Lampung Timur", "display": "Lampung Timur (Sukadana)", "province": "Lampung"},
  {"api": "Lampung Utara", "display": "Lampung Utara (Kotabumi)", "province": "Lampung"},
  {"api": "Mesuji", "display": "Mesuji (Wiralaga Mulya)", "province": "Lampung"},
  {"api": "Pesawaran", "display": "Pesawaran (Gedong Tataan)", "province": "Lampung"},
  {"api": "Pesisir Barat", "display": "Pesisir Barat (Krui)", "province": "Lampung"},
  {"api": "Pringsewu", "display": "Pringsewu", "province": "Lampung"},
  {"api": "Tanggamus", "display": "Tanggamus (Kota Agung)", "province": "Lampung"},
  {"api": "Tulang Bawang", "display": "Tulang Bawang (Menggala)", "province": "Lampung"},
  {"api": "Tulang Bawang Barat", "display": "Tulang Bawang Barat (Panaragan Jaya)", "province": "Lampung"},
  {"api": "Way Kanan", "display": "Way Kanan (Blambangan Umpu)", "province": "Lampung"},
  
  {"api": "Pangkal Pinang", "display": "Pangkal Pinang", "province": "Kepulauan Bangka Belitung"},
  {"api": "Bangka", "display": "Bangka (Sungai Liat)", "province": "Kepulauan Bangka Belitung"},
  {"api": "Bangka Barat", "display": "Bangka Barat (Muntok)", "province": "Kepulauan Bangka Belitung"},
  {"api": "Bangka Selatan", "display": "Bangka Selatan (Toboali)", "province": "Kepulauan Bangka Belitung"},
  {"api": "Bangka Tengah", "display": "Bangka Tengah (Koba)", "province": "Kepulauan Bangka Belitung"},
  {"api": "Belitung", "display": "Belitung (Tanjung Pandan)", "province": "Kepulauan Bangka Belitung"},
  {"api": "Belitung Timur", "display": "Belitung Timur (Manggar)", "province": "Kepulauan Bangka Belitung"},
  
  {"api": "Batam", "display": "Batam", "province": "Kepulauan Riau"},
  {"api": "Tanjung Pinang", "display": "Tanjung Pinang", "province": "Kepulauan Riau"},
  {"api": "Bintan", "display": "Bintan (Bandar Seri Bentan)", "province": "Kepulauan Riau"},
  {"api": "Karimun", "display": "Karimun (Tanjung Balai Karimun)", "province": "Kepulauan Riau"},
  {"api": "Kepulauan Anambas", "display": "Kepulauan Anambas (Tarempa)", "province": "Kepulauan Riau"},
  {"api": "Lingga", "display": "Lingga (Daik)", "province": "Kepulauan Riau"},
  {"api": "Natuna", "display": "Natuna (Ranai)", "province": "Kepulauan Riau"},
  
  {"api": "Jakarta", "display": "Jakarta", "province": "DKI Jakarta"},
  {"api": "Jakarta Pusat", "display": "Jakarta Pusat", "province": "DKI Jakarta"},
  {"api": "Jakarta Utara", "display": "Jakarta Utara", "province": "DKI Jakarta"},
  {"api": "Jakarta Barat", "display": "Jakarta Barat", "province": "DKI Jakarta"},
  {"api": "Jakarta Selatan", "display": "Jakarta Selatan", "province": "DKI Jakarta"},
  {"api": "Jakarta Timur", "display": "Jakarta Timur", "province": "DKI Jakarta"},
  {"api": "Kepulauan Seribu", "display": "Kepulauan Seribu (Pulau Pramuka)", "province": "DKI Jakarta"},
  
  {"api": "Bandung", "display": "Bandung", "province": "Jawa Barat"},
  {"api": "Bekasi", "display": "Bekasi", "province": "Jawa Barat"},
  {"api": "Bogor", "display": "Bogor", "province": "Jawa Barat"},
  {"api": "Cimahi", "display": "Cimahi", "province": "Jawa Barat"},
  {"api": "Cirebon", "display": "Cirebon", "province": "Jawa Barat"},
  {"api": "Depok", "display": "Depok", "province": "Jawa Barat"},
  {"api": "Sukabumi", "display": "Sukabumi", "province": "Jawa Barat"},
  {"api": "Tasikmalaya", "display": "Tasikmalaya", "province": "Jawa Barat"},
  {"api": "Banjar", "display": "Banjar", "province": "Jawa Barat"},
  {"api": "Bandung", "display": "Bandung (Soreang)", "province": "Jawa Barat"},
  {"api": "Bandung Barat", "display": "Bandung Barat (Ngamprah)", "province": "Jawa Barat"},
  {"api": "Bekasi", "display": "Bekasi (Cikarang)", "province": "Jawa Barat"},
  {"api": "Bogor", "display": "Bogor (Cibinong)", "province": "Jawa Barat"},
  {"api": "Ciamis", "display": "Ciamis", "province": "Jawa Barat"},
  {"api": "Cianjur", "display": "Cianjur", "province": "Jawa Barat"},
  {"api": "Cirebon", "display": "Cirebon (Sumber)", "province": "Jawa Barat"},
  {"api": "Garut", "display": "Garut (Tarogong Kidul)", "province": "Jawa Barat"},
  {"api": "Indramayu", "display": "Indramayu", "province": "Jawa Barat"},
  {"api": "Karawang", "display": "Karawang", "province": "Jawa Barat"},
  {"api": "Kuningan", "display": "Kuningan", "province": "Jawa Barat"},
  {"api": "Majalengka", "display": "Majalengka", "province": "Jawa Barat"},
  {"api": "Pangandaran", "display": "Pangandaran (Parigi)", "province": "Jawa Barat"},
  {"api": "Purwakarta", "display": "Purwakarta", "province": "Jawa Barat"},
  {"api": "Subang", "display": "Subang", "province": "Jawa Barat"},
  {"api": "Sukabumi", "display": "Sukabumi (Palabuhanratu)", "province": "Jawa Barat"},
  {"api": "Sumedang", "display": "Sumedang", "province": "Jawa Barat"},
  {"api": "Tasikmalaya", "display": "Tasikmalaya (Singaparna)", "province": "Jawa Barat"},
  
  {"api": "Semarang", "display": "Semarang", "province": "Jawa Tengah"},
  {"api": "Magelang", "display": "Magelang", "province": "Jawa Tengah"},
  {"api": "Pekalongan", "display": "Pekalongan", "province": "Jawa Tengah"},
  {"api": "Salatiga", "display": "Salatiga", "province": "Jawa Tengah"},
  {"api": "Surakarta", "display": "Surakarta (Solo)", "province": "Jawa Tengah"},
  {"api": "Tegal", "display": "Tegal", "province": "Jawa Tengah"},
  {"api": "Banjarnegara", "display": "Banjarnegara", "province": "Jawa Tengah"},
  {"api": "Banyumas", "display": "Banyumas (Purwokerto)", "province": "Jawa Tengah"},
  {"api": "Batang", "display": "Batang", "province": "Jawa Tengah"},
  {"api": "Blora", "display": "Blora", "province": "Jawa Tengah"},
  {"api": "Boyolali", "display": "Boyolali", "province": "Jawa Tengah"},
  {"api": "Brebes", "display": "Brebes", "province": "Jawa Tengah"},
  {"api": "Cilacap", "display": "Cilacap", "province": "Jawa Tengah"},
  {"api": "Demak", "display": "Demak", "province": "Jawa Tengah"},
  {"api": "Grobogan", "display": "Grobogan (Purwodadi)", "province": "Jawa Tengah"},
  {"api": "Jepara", "display": "Jepara", "province": "Jawa Tengah"},
  {"api": "Karanganyar", "display": "Karanganyar", "province": "Jawa Tengah"},
  {"api": "Kebumen", "display": "Kebumen", "province": "Jawa Tengah"},
  {"api": "Kendal", "display": "Kendal", "province": "Jawa Tengah"},
  {"api": "Klaten", "display": "Klaten", "province": "Jawa Tengah"},
  {"api": "Kudus", "display": "Kudus", "province": "Jawa Tengah"},
  {"api": "Magelang", "display": "Magelang (Mungkid)", "province": "Jawa Tengah"},
  {"api": "Pati", "display": "Pati", "province": "Jawa Tengah"},
  {"api": "Pekalongan", "display": "Pekalongan (Kajen)", "province": "Jawa Tengah"},
  {"api": "Pemalang", "display": "Pemalang", "province": "Jawa Tengah"},
  {"api": "Purbalingga", "display": "Purbalingga", "province": "Jawa Tengah"},
  {"api": "Purworejo", "display": "Purworejo", "province": "Jawa Tengah"},
  {"api": "Rembang", "display": "Rembang", "province": "Jawa Tengah"},
  {"api": "Semarang", "display": "Semarang (Ungaran)", "province": "Jawa Tengah"},
  {"api": "Sragen", "display": "Sragen", "province": "Jawa Tengah"},
  {"api": "Sukoharjo", "display": "Sukoharjo", "province": "Jawa Tengah"},
  {"api": "Tegal", "display": "Tegal (Slawi)", "province": "Jawa Tengah"},
  {"api": "Temanggung", "display": "Temanggung", "province": "Jawa Tengah"},
  {"api": "Wonogiri", "display": "Wonogiri", "province": "Jawa Tengah"},
  {"api": "Wonosobo", "display": "Wonosobo", "province": "Jawa Tengah"},
  
  {"api": "Yogyakarta", "display": "Yogyakarta", "province": "DI Yogyakarta"},
  {"api": "Bantul", "display": "Bantul", "province": "DI Yogyakarta"},
  {"api": "Gunungkidul", "display": "Gunungkidul (Wonosari)", "province": "DI Yogyakarta"},
  {"api": "Kulon Progo", "display": "Kulon Progo (Wates)", "province": "DI Yogyakarta"},
  {"api": "Sleman", "display": "Sleman", "province": "DI Yogyakarta"},
  
  {"api": "Surabaya", "display": "Surabaya", "province": "Jawa Timur"},
  {"api": "Batu", "display": "Batu", "province": "Jawa Timur"},
  {"api": "Blitar", "display": "Blitar", "province": "Jawa Timur"},
  {"api": "Kediri", "display": "Kediri", "province": "Jawa Timur"},
  {"api": "Madiun", "display": "Madiun", "province": "Jawa Timur"},
  {"api": "Malang", "display": "Malang", "province": "Jawa Timur"},
  {"api": "Mojokerto", "display": "Mojokerto", "province": "Jawa Timur"},
  {"api": "Pasuruan", "display": "Pasuruan", "province": "Jawa Timur"},
  {"api": "Probolinggo", "display": "Probolinggo", "province": "Jawa Timur"},
  {"api": "Bangkalan", "display": "Bangkalan", "province": "Jawa Timur"},
  {"api": "Banyuwangi", "display": "Banyuwangi", "province": "Jawa Timur"},
  {"api": "Blitar", "display": "Blitar (Kanigoro)", "province": "Jawa Timur"},
  {"api": "Bojonegoro", "display": "Bojonegoro", "province": "Jawa Timur"},
  {"api": "Bondowoso", "display": "Bondowoso", "province": "Jawa Timur"},
  {"api": "Gresik", "display": "Gresik", "province": "Jawa Timur"},
  {"api": "Jember", "display": "Jember", "province": "Jawa Timur"},
  {"api": "Jombang", "display": "Jombang", "province": "Jawa Timur"},
  {"api": "Kediri", "display": "Kediri (Pare)", "province": "Jawa Timur"},
  {"api": "Lamongan", "display": "Lamongan", "province": "Jawa Timur"},
  {"api": "Lumajang", "display": "Lumajang", "province": "Jawa Timur"},
  {"api": "Madiun", "display": "Madiun (Mejayan)", "province": "Jawa Timur"},
  {"api": "Magetan", "display": "Magetan", "province": "Jawa Timur"},
  {"api": "Malang", "display": "Malang (Kepanjen)", "province": "Jawa Timur"},
  {"api": "Mojokerto", "display": "Mojokerto (Mojosari)", "province": "Jawa Timur"},
  {"api": "Nganjuk", "display": "Nganjuk", "province": "Jawa Timur"},
  {"api": "Ngawi", "display": "Ngawi", "province": "Jawa Timur"},
  {"api": "Pacitan", "display": "Pacitan", "province": "Jawa Timur"},
  {"api": "Pamekasan", "display": "Pamekasan", "province": "Jawa Timur"},
  {"api": "Pasuruan", "display": "Pasuruan (Bangil)", "province": "Jawa Timur"},
  {"api": "Ponorogo", "display": "Ponorogo", "province": "Jawa Timur"},
  {"api": "Probolinggo", "display": "Probolinggo (Kraksaan)", "province": "Jawa Timur"},
  {"api": "Sampang", "display": "Sampang", "province": "Jawa Timur"},
  {"api": "Sidoarjo", "display": "Sidoarjo", "province": "Jawa Timur"},
  {"api": "Situbondo", "display": "Situbondo", "province": "Jawa Timur"},
  {"api": "Sumenep", "display": "Sumenep", "province": "Jawa Timur"},
  {"api": "Trenggalek", "display": "Trenggalek", "province": "Jawa Timur"},
  {"api": "Tuban", "display": "Tuban", "province": "Jawa Timur"},
  {"api": "Tulungagung", "display": "Tulungagung", "province": "Jawa Timur"},
  
  {"api": "Serang", "display": "Serang", "province": "Banten"},
  {"api": "Cilegon", "display": "Cilegon", "province": "Banten"},
  {"api": "Tangerang", "display": "Tangerang", "province": "Banten"},
  {"api": "Tangerang Selatan", "display": "Tangerang Selatan", "province": "Banten"},
  {"api": "Lebak", "display": "Lebak (Rangkasbitung)", "province": "Banten"},
  {"api": "Pandeglang", "display": "Pandeglang", "province": "Banten"},
  {"api": "Serang", "display": "Serang (Ciruas)", "province": "Banten"},
  {"api": "Tangerang", "display": "Tangerang (Tigaraksa)", "province": "Banten"},
  
  {"api": "Denpasar", "display": "Denpasar", "province": "Bali"},
  {"api": "Badung", "display": "Badung (Mangupura)", "province": "Bali"},
  {"api": "Bangli", "display": "Bangli", "province": "Bali"},
  {"api": "Buleleng", "display": "Buleleng (Singaraja)", "province": "Bali"},
  {"api": "Gianyar", "display": "Gianyar", "province": "Bali"},
  {"api": "Jembrana", "display": "Jembrana (Negara)", "province": "Bali"},
  {"api": "Karangasem", "display": "Karangasem (Amlapura)", "province": "Bali"},
  {"api": "Klungkung", "display": "Klungkung (Semarapura)", "province": "Bali"},
  {"api": "Tabanan", "display": "Tabanan", "province": "Bali"},
  
  {"api": "Mataram", "display": "Mataram", "province": "Nusa Tenggara Barat"},
  {"api": "Bima", "display": "Bima", "province": "Nusa Tenggara Barat"},
  {"api": "Bima", "display": "Bima (Raba)", "province": "Nusa Tenggara Barat"},
  {"api": "Dompu", "display": "Dompu", "province": "Nusa Tenggara Barat"},
  {"api": "Lombok Barat", "display": "Lombok Barat (Gerung)", "province": "Nusa Tenggara Barat"},
  {"api": "Lombok Tengah", "display": "Lombok Tengah (Praya)", "province": "Nusa Tenggara Barat"},
  {"api": "Lombok Timur", "display": "Lombok Timur (Selong)", "province": "Nusa Tenggara Barat"},
  {"api": "Lombok Utara", "display": "Lombok Utara (Tanjung)", "province": "Nusa Tenggara Barat"},
  {"api": "Sumbawa", "display": "Sumbawa (Sumbawa Besar)", "province": "Nusa Tenggara Barat"},
  {"api": "Sumbawa Barat", "display": "Sumbawa Barat (Taliwang)", "province": "Nusa Tenggara Barat"},
  
  {"api": "Kupang", "display": "Kupang", "province": "Nusa Tenggara Timur"},
  {"api": "Alor", "display": "Alor (Kalabahi)", "province": "Nusa Tenggara Timur"},
  {"api": "Belu", "display": "Belu (Atambua)", "province": "Nusa Tenggara Timur"},
  {"api": "Ende", "display": "Ende", "province": "Nusa Tenggara Timur"},
  {"api": "Flores Timur", "display": "Flores Timur (Larantuka)", "province": "Nusa Tenggara Timur"},
  {"api": "Kupang", "display": "Kupang (Oelamasi)", "province": "Nusa Tenggara Timur"},
  {"api": "Lembata", "display": "Lembata (Lewoleba)", "province": "Nusa Tenggara Timur"},
  {"api": "Malaka", "display": "Malaka (Betun)", "province": "Nusa Tenggara Timur"},
  {"api": "Manggarai", "display": "Manggarai (Ruteng)", "province": "Nusa Tenggara Timur"},
  {"api": "Manggarai Barat", "display": "Manggarai Barat (Labuan Bajo)", "province": "Nusa Tenggara Timur"},
  {"api": "Manggarai Timur", "display": "Manggarai Timur (Borong)", "province": "Nusa Tenggara Timur"},
  {"api": "Nagekeo", "display": "Nagekeo (Mbay)", "province": "Nusa Tenggara Timur"},
  {"api": "Ngada", "display": "Ngada (Bajawa)", "province": "Nusa Tenggara Timur"},
  {"api": "Rote Ndao", "display": "Rote Ndao (Baa)", "province": "Nusa Tenggara Timur"},
  {"api": "Sabu Raijua", "display": "Sabu Raijua (Seba)", "province": "Nusa Tenggara Timur"},
  {"api": "Sikka", "display": "Sikka (Maumere)", "province": "Nusa Tenggara Timur"},
  {"api": "Sumba Barat", "display": "Sumba Barat (Waikabubak)", "province": "Nusa Tenggara Timur"},
  {"api": "Sumba Barat Daya", "display": "Sumba Barat Daya (Tambolaka)", "province": "Nusa Tenggara Timur"},
  {"api": "Sumba Tengah", "display": "Sumba Tengah (Waibakul)", "province": "Nusa Tenggara Timur"},
  {"api": "Sumba Timur", "display": "Sumba Timur (Waingapu)", "province": "Nusa Tenggara Timur"},
  {"api": "Timor Tengah Selatan", "display": "Timor Tengah Selatan (Soe)", "province": "Nusa Tenggara Timur"},
  {"api": "Timor Tengah Utara", "display": "Timor Tengah Utara (Kefamenanu)", "province": "Nusa Tenggara Timur"},
  
  {"api": "Pontianak", "display": "Pontianak", "province": "Kalimantan Barat"},
  {"api": "Singkawang", "display": "Singkawang", "province": "Kalimantan Barat"},
  {"api": "Bengkayang", "display": "Bengkayang", "province": "Kalimantan Barat"},
  {"api": "Kapuas Hulu", "display": "Kapuas Hulu (Putussibau)", "province": "Kalimantan Barat"},
  {"api": "Kayong Utara", "display": "Kayong Utara (Sukadana)", "province": "Kalimantan Barat"},
  {"api": "Ketapang", "display": "Ketapang", "province": "Kalimantan Barat"},
  {"api": "Kubu Raya", "display": "Kubu Raya (Sungai Raya)", "province": "Kalimantan Barat"},
  {"api": "Landak", "display": "Landak (Ngabang)", "province": "Kalimantan Barat"},
  {"api": "Melawi", "display": "Melawi (Nanga Pinoh)", "province": "Kalimantan Barat"},
  {"api": "Mempawah", "display": "Mempawah", "province": "Kalimantan Barat"},
  {"api": "Sambas", "display": "Sambas", "province": "Kalimantan Barat"},
  {"api": "Sanggau", "display": "Sanggau", "province": "Kalimantan Barat"},
  {"api": "Sekadau", "display": "Sekadau", "province": "Kalimantan Barat"},
  {"api": "Sintang", "display": "Sintang", "province": "Kalimantan Barat"},
  
  {"api": "Palangka Raya", "display": "Palangka Raya", "province": "Kalimantan Tengah"},
  {"api": "Barito Selatan", "display": "Barito Selatan (Buntok)", "province": "Kalimantan Tengah"},
  {"api": "Barito Timur", "display": "Barito Timur (Tamiang Layang)", "province": "Kalimantan Tengah"},
  {"api": "Barito Utara", "display": "Barito Utara (Muara Teweh)", "province": "Kalimantan Tengah"},
  {"api": "Gunung Mas", "display": "Gunung Mas (Kuala Kurun)", "province": "Kalimantan Tengah"},
  {"api": "Kapuas", "display": "Kapuas (Kuala Kapuas)", "province": "Kalimantan Tengah"},
  {"api": "Katingan", "display": "Katingan (Kasongan)", "province": "Kalimantan Tengah"},
  {"api": "Kotawaringin Barat", "display": "Kotawaringin Barat (Pangkalan Bun)", "province": "Kalimantan Tengah"},
  {"api": "Kotawaringin Timur", "display": "Kotawaringin Timur (Sampit)", "province": "Kalimantan Tengah"},
  {"api": "Lamandau", "display": "Lamandau (Nanga Bulik)", "province": "Kalimantan Tengah"},
  {"api": "Murung Raya", "display": "Murung Raya (Puruk Cahu)", "province": "Kalimantan Tengah"},
  {"api": "Pulang Pisau", "display": "Pulang Pisau", "province": "Kalimantan Tengah"},
  {"api": "Seruyan", "display": "Seruyan (Kuala Pembuang)", "province": "Kalimantan Tengah"},
  {"api": "Sukamara", "display": "Sukamara", "province": "Kalimantan Tengah"},
  
  {"api": "Banjarmasin", "display": "Banjarmasin", "province": "Kalimantan Selatan"},
  {"api": "Banjarbaru", "display": "Banjarbaru", "province": "Kalimantan Selatan"},
  {"api": "Balangan", "display": "Balangan (Paringin)", "province": "Kalimantan Selatan"},
  {"api": "Banjar", "display": "Banjar (Martapura)", "province": "Kalimantan Selatan"},
  {"api": "Barito Kuala", "display": "Barito Kuala (Marabahan)", "province": "Kalimantan Selatan"},
  {"api": "Hulu Sungai Selatan", "display": "Hulu Sungai Selatan (Kandangan)", "province": "Kalimantan Selatan"},
  {"api": "Hulu Sungai Tengah", "display": "Hulu Sungai Tengah (Barabai)", "province": "Kalimantan Selatan"},
  {"api": "Hulu Sungai Utara", "display": "Hulu Sungai Utara (Amuntai)", "province": "Kalimantan Selatan"},
  {"api": "Kotabaru", "display": "Kotabaru", "province": "Kalimantan Selatan"},
  {"api": "Tabalong", "display": "Tabalong (Tanjung)", "province": "Kalimantan Selatan"},
  {"api": "Tanah Bumbu", "display": "Tanah Bumbu (Batulicin)", "province": "Kalimantan Selatan"},
  {"api": "Tanah Laut", "display": "Tanah Laut (Pelaihari)", "province": "Kalimantan Selatan"},
  {"api": "Tapin", "display": "Tapin (Rantau)", "province": "Kalimantan Selatan"},
  
  {"api": "Samarinda", "display": "Samarinda", "province": "Kalimantan Timur"},
  {"api": "Balikpapan", "display": "Balikpapan", "province": "Kalimantan Timur"},
  {"api": "Bontang", "display": "Bontang", "province": "Kalimantan Timur"},
  {"api": "Berau", "display": "Berau (Tanjung Redeb)", "province": "Kalimantan Timur"},
  {"api": "Kutai Barat", "display": "Kutai Barat (Sendawar)", "province": "Kalimantan Timur"},
  {"api": "Kutai Kartanegara", "display": "Kutai Kartanegara (Tenggarong)", "province": "Kalimantan Timur"},
  {"api": "Kutai Timur", "display": "Kutai Timur (Sangatta)", "province": "Kalimantan Timur"},
  {"api": "Mahakam Ulu", "display": "Mahakam Ulu (Ujoh Bilang)", "province": "Kalimantan Timur"},
  {"api": "Paser", "display": "Paser (Tanah Grogot)", "province": "Kalimantan Timur"},
  {"api": "Penajam Paser Utara", "display": "Penajam Paser Utara (Penajam)", "province": "Kalimantan Timur"},
  
  {"api": "Tarakan", "display": "Tarakan", "province": "Kalimantan Utara"},
  {"api": "Bulungan", "display": "Bulungan (Tanjung Selor)", "province": "Kalimantan Utara"},
  {"api": "Malinau", "display": "Malinau", "province": "Kalimantan Utara"},
  {"api": "Nunukan", "display": "Nunukan", "province": "Kalimantan Utara"},
  {"api": "Tana Tidung", "display": "Tana Tidung (Tideng Pale)", "province": "Kalimantan Utara"},
  
  {"api": "Manado", "display": "Manado", "province": "Sulawesi Utara"},
  {"api": "Bitung", "display": "Bitung", "province": "Sulawesi Utara"},
  {"api": "Kotamobagu", "display": "Kotamobagu", "province": "Sulawesi Utara"},
  {"api": "Tomohon", "display": "Tomohon", "province": "Sulawesi Utara"},
  {"api": "Bolaang Mongondow", "display": "Bolaang Mongondow (Lolak)", "province": "Sulawesi Utara"},
  {"api": "Bolaang Mongondow Selatan", "display": "Bolaang Mongondow Selatan (Bolaang Uki)", "province": "Sulawesi Utara"},
  {"api": "Bolaang Mongondow Timur", "display": "Bolaang Mongondow Timur (Tutuyan)", "province": "Sulawesi Utara"},
  {"api": "Bolaang Mongondow Utara", "display": "Bolaang Mongondow Utara (Boroko)", "province": "Sulawesi Utara"},
  {"api": "Kepulauan Sangihe", "display": "Kepulauan Sangihe (Tahuna)", "province": "Sulawesi Utara"},
  {"api": "Kepulauan Siau Tagulandang Biaro", "display": "Kepulauan Siau Tagulandang Biaro (Ondong)", "province": "Sulawesi Utara"},
  {"api": "Kepulauan Talaud", "display": "Kepulauan Talaud (Melonguane)", "province": "Sulawesi Utara"},
  {"api": "Minahasa", "display": "Minahasa (Tondano)", "province": "Sulawesi Utara"},
  {"api": "Minahasa Selatan", "display": "Minahasa Selatan (Amurang)", "province": "Sulawesi Utara"},
  {"api": "Minahasa Tenggara", "display": "Minahasa Tenggara (Ratahan)", "province": "Sulawesi Utara"},
  {"api": "Minahasa Utara", "display": "Minahasa Utara (Airmadidi)", "province": "Sulawesi Utara"},
  
  {"api": "Palu", "display": "Palu", "province": "Sulawesi Tengah"},
  {"api": "Banggai", "display": "Banggai (Luwuk)", "province": "Sulawesi Tengah"},
  {"api": "Banggai Kepulauan", "display": "Banggai Kepulauan (Salakan)", "province": "Sulawesi Tengah"},
  {"api": "Banggai Laut", "display": "Banggai Laut (Banggai)", "province": "Sulawesi Tengah"},
  {"api": "Buol", "display": "Buol", "province": "Sulawesi Tengah"},
  {"api": "Donggala", "display": "Donggala", "province": "Sulawesi Tengah"},
  {"api": "Morowali", "display": "Morowali (Bungku)", "province": "Sulawesi Tengah"},
  {"api": "Morowali Utara", "display": "Morowali Utara (Kolonodale)", "province": "Sulawesi Tengah"},
  {"api": "Parigi Moutong", "display": "Parigi Moutong (Parigi)", "province": "Sulawesi Tengah"},
  {"api": "Poso", "display": "Poso", "province": "Sulawesi Tengah"},
  {"api": "Sigi", "display": "Sigi (Sigi Biromaru)", "province": "Sulawesi Tengah"},
  {"api": "Tojo Una-Una", "display": "Tojo Una-Una (Ampana)", "province": "Sulawesi Tengah"},
  {"api": "Toli-Toli", "display": "Toli-Toli", "province": "Sulawesi Tengah"},
  
  {"api": "Makassar", "display": "Makassar", "province": "Sulawesi Selatan"},
  {"api": "Palopo", "display": "Palopo", "province": "Sulawesi Selatan"},
  {"api": "Parepare", "display": "Parepare", "province": "Sulawesi Selatan"},
  {"api": "Bantaeng", "display": "Bantaeng", "province": "Sulawesi Selatan"},
  {"api": "Barru", "display": "Barru", "province": "Sulawesi Selatan"},
  {"api": "Bone", "display": "Bone (Watampone)", "province": "Sulawesi Selatan"},
  {"api": "Bulukumba", "display": "Bulukumba", "province": "Sulawesi Selatan"},
  {"api": "Enrekang", "display": "Enrekang", "province": "Sulawesi Selatan"},
  {"api": "Gowa", "display": "Gowa (Sungguminasa)", "province": "Sulawesi Selatan"},
  {"api": "Jeneponto", "display": "Jeneponto", "province": "Sulawesi Selatan"},
  {"api": "Kepulauan Selayar", "display": "Kepulauan Selayar (Benteng)", "province": "Sulawesi Selatan"},
  {"api": "Luwu", "display": "Luwu (Belopa)", "province": "Sulawesi Selatan"},
  {"api": "Luwu Timur", "display": "Luwu Timur (Malili)", "province": "Sulawesi Selatan"},
  {"api": "Luwu Utara", "display": "Luwu Utara (Masamba)", "province": "Sulawesi Selatan"},
  {"api": "Maros", "display": "Maros", "province": "Sulawesi Selatan"},
  {"api": "Pangkajene dan Kepulauan", "display": "Pangkajene dan Kepulauan (Pangkajene)", "province": "Sulawesi Selatan"},
  {"api": "Pinrang", "display": "Pinrang", "province": "Sulawesi Selatan"},
  {"api": "Sidenreng Rappang", "display": "Sidenreng Rappang (Sidenreng)", "province": "Sulawesi Selatan"},
  {"api": "Sinjai", "display": "Sinjai", "province": "Sulawesi Selatan"},
  {"api": "Soppeng", "display": "Soppeng (Watansoppeng)", "province": "Sulawesi Selatan"},
  {"api": "Takalar", "display": "Takalar", "province": "Sulawesi Selatan"},
  {"api": "Tana Toraja", "display": "Tana Toraja (Makale)", "province": "Sulawesi Selatan"},
  {"api": "Toraja Utara", "display": "Toraja Utara (Rantepao)", "province": "Sulawesi Selatan"},
  {"api": "Wajo", "display": "Wajo (Sengkang)", "province": "Sulawesi Selatan"},
  
  {"api": "Kendari", "display": "Kendari", "province": "Sulawesi Tenggara"},
  {"api": "Bau-Bau", "display": "Bau-Bau", "province": "Sulawesi Tenggara"},
  {"api": "Bombana", "display": "Bombana (Rumbia)", "province": "Sulawesi Tenggara"},
  {"api": "Buton", "display": "Buton (Pasarwajo)", "province": "Sulawesi Tenggara"},
  {"api": "Buton Selatan", "display": "Buton Selatan (Batauga)", "province": "Sulawesi Tenggara"},
  {"api": "Buton Tengah", "display": "Buton Tengah (Labungkari)", "province": "Sulawesi Tenggara"},
  {"api": "Buton Utara", "display": "Buton Utara (Buranga)", "province": "Sulawesi Tenggara"},
  {"api": "Kolaka", "display": "Kolaka", "province": "Sulawesi Tenggara"},
  {"api": "Kolaka Timur", "display": "Kolaka Timur (Tirawuta)", "province": "Sulawesi Tenggara"},
  {"api": "Kolaka Utara", "display": "Kolaka Utara (Lasusua)", "province": "Sulawesi Tenggara"},
  {"api": "Konawe", "display": "Konawe (Unaaha)", "province": "Sulawesi Tenggara"},
  {"api": "Konawe Kepulauan", "display": "Konawe Kepulauan (Langara)", "province": "Sulawesi Tenggara"},
  {"api": "Konawe Selatan", "display": "Konawe Selatan (Andolo)", "province": "Sulawesi Tenggara"},
  {"api": "Konawe Utara", "display": "Konawe Utara (Wanggudu)", "province": "Sulawesi Tenggara"},
  {"api": "Muna", "display": "Muna (Raha)", "province": "Sulawesi Tenggara"},
  {"api": "Muna Barat", "display": "Muna Barat (Laworo)", "province": "Sulawesi Tenggara"},
  {"api": "Wakatobi", "display": "Wakatobi (Wangi-Wangi)", "province": "Sulawesi Tenggara"},
  
  {"api": "Gorontalo", "display": "Gorontalo", "province": "Gorontalo"},
  {"api": "Boalemo", "display": "Boalemo (Tilamuta)", "province": "Gorontalo"},
  {"api": "Bone Bolango", "display": "Bone Bolango (Suwawa)", "province": "Gorontalo"},
  {"api": "Gorontalo", "display": "Gorontalo (Limboto)", "province": "Gorontalo"},
  {"api": "Gorontalo Utara", "display": "Gorontalo Utara (Kwandang)", "province": "Gorontalo"},
  {"api": "Pohuwato", "display": "Pohuwato (Marisa)", "province": "Gorontalo"},
  
  {"api": "Majene", "display": "Majene", "province": "Sulawesi Barat"},
  {"api": "Majene", "display": "Majene", "province": "Sulawesi Barat"},
  {"api": "Mamasa", "display": "Mamasa", "province": "Sulawesi Barat"},
  {"api": "Mamuju", "display": "Mamuju", "province": "Sulawesi Barat"},
  {"api": "Mamuju Tengah", "display": "Mamuju Tengah (Tobadak)", "province": "Sulawesi Barat"},
  {"api": "Mamuju Utara", "display": "Mamuju Utara (Pasangkayu)", "province": "Sulawesi Barat"},
  {"api": "Polewali Mandar", "display": "Polewali Mandar (Polewali)", "province": "Sulawesi Barat"},
  
  {"api": "Ambon", "display": "Ambon", "province": "Maluku"},
  {"api": "Tual", "display": "Tual", "province": "Maluku"},
  {"api": "Buru", "display": "Buru (Namlea)", "province": "Maluku"},
  {"api": "Buru Selatan", "display": "Buru Selatan (Namrole)", "province": "Maluku"},
  {"api": "Kepulauan Aru", "display": "Kepulauan Aru (Dobo)", "province": "Maluku"},
  {"api": "Maluku Barat Daya", "display": "Maluku Barat Daya (Tiakur)", "province": "Maluku"},
  {"api": "Maluku Tengah", "display": "Maluku Tengah (Masohi)", "province": "Maluku"},
  {"api": "Maluku Tenggara", "display": "Maluku Tenggara (Langgur)", "province": "Maluku"},
  {"api": "Maluku Tenggara Barat", "display": "Maluku Tenggara Barat (Saumlaki)", "province": "Maluku"},
  {"api": "Seram Bagian Barat", "display": "Seram Bagian Barat (Piru)", "province": "Maluku"},
  {"api": "Seram Bagian Timur", "display": "Seram Bagian Timur (Bula)", "province": "Maluku"},
  
  {"api": "Ternate", "display": "Ternate", "province": "Maluku Utara"},
  {"api": "Tidore Kepulauan", "display": "Tidore Kepulauan (Soasiu)", "province": "Maluku Utara"},
  {"api": "Halmahera Barat", "display": "Halmahera Barat (Jailolo)", "province": "Maluku Utara"},
  {"api": "Halmahera Selatan", "display": "Halmahera Selatan (Labuha)", "province": "Maluku Utara"},
  {"api": "Halmahera Tengah", "display": "Halmahera Tengah (Weda)", "province": "Maluku Utara"},
  {"api": "Halmahera Timur", "display": "Halmahera Timur (Maba)", "province": "Maluku Utara"},
  {"api": "Halmahera Utara", "display": "Halmahera Utara (Tobelo)", "province": "Maluku Utara"},
  {"api": "Kepulauan Sula", "display": "Kepulauan Sula (Sanana)", "province": "Maluku Utara"},
  {"api": "Pulau Morotai", "display": "Pulau Morotai (Daruba)", "province": "Maluku Utara"},
  {"api": "Pulau Taliabu", "display": "Pulau Taliabu (Bobong)", "province": "Maluku Utara"},
  
  {"api": "Jayapura", "display": "Jayapura", "province": "Papua"},
  {"api": "Asmat", "display": "Asmat (Agats)", "province": "Papua"},
  {"api": "Biak Numfor", "display": "Biak Numfor (Biak)", "province": "Papua"},
  {"api": "Boven Digoel", "display": "Boven Digoel (Tanah Merah)", "province": "Papua"},
  {"api": "Deiyai", "display": "Deiyai (Waghete)", "province": "Papua"},
  {"api": "Dogiyai", "display": "Dogiyai (Kigamani)", "province": "Papua"},
  {"api": "Intan Jaya", "display": "Intan Jaya (Sugapa)", "province": "Papua"},
  {"api": "Jayapura", "display": "Jayapura (Sentani)", "province": "Papua"},
  {"api": "Jayawijaya", "display": "Jayawijaya (Wamena)", "province": "Papua"},
  {"api": "Keerom", "display": "Keerom (Waris)", "province": "Papua"},
  {"api": "Kepulauan Yapen", "display": "Kepulauan Yapen (Serui)", "province": "Papua"},
  {"api": "Lanny Jaya", "display": "Lanny Jaya (Tiom)", "province": "Papua"},
  {"api": "Mamberamo Raya", "display": "Mamberamo Raya (Burmeso)", "province": "Papua"},
  {"api": "Mamberamo Tengah", "display": "Mamberamo Tengah (Kobakma)", "province": "Papua"},
  {"api": "Mappi", "display": "Mappi (Kepi)", "province": "Papua"},
  {"api": "Merauke", "display": "Merauke", "province": "Papua"},
  {"api": "Mimika", "display": "Mimika (Timika)", "province": "Papua"},
  {"api": "Nabire", "display": "Nabire", "province": "Papua"},
  {"api": "Nduga", "display": "Nduga (Kenyam)", "province": "Papua"},
  {"api": "Paniai", "display": "Paniai (Enarotali)", "province": "Papua"},
  {"api": "Pegunungan Bintang", "display": "Pegunungan Bintang (Oksibil)", "province": "Papua"},
  {"api": "Puncak", "display": "Puncak (Ilaga)", "province": "Papua"},
  {"api": "Puncak Jaya", "display": "Puncak Jaya (Mulia)", "province": "Papua"},
  {"api": "Sarmi", "display": "Sarmi", "province": "Papua"},
  {"api": "Supiori", "display": "Supiori (Sorendiweri)", "province": "Papua"},
  {"api": "Tolikara", "display": "Tolikara (Karubaga)", "province": "Papua"},
  {"api": "Waropen", "display": "Waropen (Botawa)", "province": "Papua"},
  {"api": "Yahukimo", "display": "Yahukimo (Sumohai)", "province": "Papua"},
  {"api": "Yalimo", "display": "Yalimo (Elelim)", "province": "Papua"},
  
  {"api": "Sorong", "display": "Sorong", "province": "Papua Barat"},
  {"api": "Fakfak", "display": "Fakfak", "province": "Papua Barat"},
  {"api": "Kaimana", "display": "Kaimana", "province": "Papua Barat"},
  {"api": "Manokwari", "display": "Manokwari", "province": "Papua Barat"},
  {"api": "Manokwari Selatan", "display": "Manokwari Selatan (Ransiki)", "province": "Papua Barat"},
  {"api": "Maybrat", "display": "Maybrat (Kumurkek)", "province": "Papua Barat"},
  {"api": "Pegunungan Arfak", "display": "Pegunungan Arfak (Anggi)", "province": "Papua Barat"},
  {"api": "Raja Ampat", "display": "Raja Ampat (Waisai)", "province": "Papua Barat"},
  {"api": "Sorong", "display": "Sorong (Aimas)", "province": "Papua Barat"},
  {"api": "Sorong Selatan", "display": "Sorong Selatan (Teminabuan)", "province": "Papua Barat"},
  {"api": "Tambrauw", "display": "Tambrauw (Fef)", "province": "Papua Barat"},
  {"api": "Teluk Bintuni", "display": "Teluk Bintuni (Bintuni)", "province": "Papua Barat"},
  {"api": "Teluk Wondama", "display": "Teluk Wondama (Rasiei)", "province": "Papua Barat"},
  
  {"api": "Asmat", "display": "Asmat (Agats)", "province": "Papua Selatan"},
  {"api": "Boven Digoel", "display": "Boven Digoel (Tanah Merah)", "province": "Papua Selatan"},
  {"api": "Mappi", "display": "Mappi (Kepi)", "province": "Papua Selatan"},
  {"api": "Merauke", "display": "Merauke", "province": "Papua Selatan"},
  
  {"api": "Deiyai", "display": "Deiyai (Waghete)", "province": "Papua Tengah"},
  {"api": "Dogiyai", "display": "Dogiyai (Kigamani)", "province": "Papua Tengah"},
  {"api": "Intan Jaya", "display": "Intan Jaya (Sugapa)", "province": "Papua Tengah"},
  {"api": "Mimika", "display": "Mimika (Timika)", "province": "Papua Tengah"},
  {"api": "Nabire", "display": "Nabire", "province": "Papua Tengah"},
  {"api": "Paniai", "display": "Paniai (Enarotali)", "province": "Papua Tengah"},
  {"api": "Puncak", "display": "Puncak (Ilaga)", "province": "Papua Tengah"},
  {"api": "Puncak Jaya", "display": "Puncak Jaya (Mulia)", "province": "Papua Tengah"},
  
  {"api": "Jayawijaya", "display": "Jayawijaya (Wamena)", "province": "Papua Pegunungan"},
  {"api": "Lanny Jaya", "display": "Lanny Jaya (Tiom)", "province": "Papua Pegunungan"},
  {"api": "Mamberamo Tengah", "display": "Mamberamo Tengah (Kobakma)", "province": "Papua Pegunungan"},
  {"api": "Nduga", "display": "Nduga (Kenyam)", "province": "Papua Pegunungan"},
  {"api": "Pegunungan Bintang", "display": "Pegunungan Bintang (Oksibil)", "province": "Papua Pegunungan"},
  {"api": "Tolikara", "display": "Tolikara (Karubaga)", "province": "Papua Pegunungan"},
  {"api": "Yahukimo", "display": "Yahukimo (Sumohai)", "province": "Papua Pegunungan"},
  {"api": "Yalimo", "display": "Yalimo (Elelim)", "province": "Papua Pegunungan"},
  
  {"api": "Sorong", "display": "Sorong", "province": "Papua Barat Daya"},
  {"api": "Fakfak", "display": "Fakfak", "province": "Papua Barat Daya"},
  {"api": "Kaimana", "display": "Kaimana", "province": "Papua Barat Daya"},
  {"api": "Maybrat", "display": "Maybrat (Kumurkek)", "province": "Papua Barat Daya"},
  {"api": "Raja Ampat", "display": "Raja Ampat (Waisai)", "province": "Papua Barat Daya"},
  {"api": "Sorong Selatan", "display": "Sorong Selatan (Teminabuan)", "province": "Papua Barat Daya"}
]
